STATUS;VALID_ON;LOT_TYPE_FK;TYP_ENTRY_TYPE;DTE_DEAL;DTE_ISSUE;DTE_EARLY_REDEMPTION;DTE_MATURITY;DTE_NEXT_SETTLEMENT;DTE_NEXT_INT_FIX;IDE_COUNTERPARTY_REF;IDE_ISSUER_REF;IDE_PRICING_IDENTIFIER;IDE_SOURCESYS_REF;IDE_POSITION_REF;IDE_REPO_REF;IDE_CONTRACT_REF;IDE_ISIN;DES_SECURITY;IDE_INTERNAL_PARTY_REF;PER_OWNERSHIP;PER_VOTINGRIGHT;PRD_PRODUCT;QUA_NUMBEROFUNITS;RTE_AAR_INTEREST;TYP_BS_INDICATOR;TYP_FIDUCIARY_SERV;TYP_CONVERTIBLE;TYP_LISTED;TYP_MANAGED_ASSET;TYP_LOCAL_FUNDING;TYP_QUALIFYING;TYP_RISK_QUAL_INDIC;TYP_THIRDPARTY_INDIC;TYP_SUBORDINATION;TYP_INTEREST_RATE;TYP_VALUATION_METHOD;TYP_PURPOSE;TYP_PORTFOLIO;IDE_CUSTODIAN_REF;TYP_PLEDGED;TYP_CAP_GUARANTEE;TYP_CONTRACT;AUDIT_INFO;TYP_MARKETABLE;TYP_ASSET_BACKED;TYP_LIQ_ELIGIBLE;DTE_INELIGIBLE;TYP_LIQ_QUALITY;DTE_PAST_DUE;TYP_EARLY_REPAYMENT;TYP_LIQ_PURPOSE;TYP_TRADABLE;TYP_PRICE_DETERMINATION;TYP_LIQ_AVAILABILITY;TYP_LIQ_MANAGEMENT;TYP_OPERATIONALLY_LIQ;TYP_PROMOTIONAL_LOAN;TYP_MKT_CONCENTRATION;TYP_LIQ_SOURCE_RELIABILITY;TYP_CCP_EXPOSURE;PER_EXPOSURE_HCT;TYP_INDEX;TYP_LIQ_RETAIL;TYP_OMO;TYP_REHYPOTH;RTE_YIELD_SPREAD;TYP_LCR_ASSET;PER_LCR;TYP_COVERBOND;TYP_PRIMARY_CLASS_COVER_POOL;PER_OVERCOLL_CONTRACTUAL;TYP_INFLOW_CAP;TYP_CIU_COMPLIANCE;DTE_INT_START;TYP_INTEREST_PAY_FREQUENCY;TYP_LCR_ELIGIBLE;PER_COLL_HCT_ECB;TYP_OBLIGATED_INV;CDE_COMMODITY;DTE_SETTLEMENT;TYP_EXCLUDE_LCR;DTE_POSSESSION;IDE_PTF_REF;PER_MIN_COLL_COV;PRD_INSURANCE;TYP_CONTINUING_INV;TYP_FAIRV_ASSESS;TYP_FV_OPTION;TYP_IMPAIRMENT;TYP_IMPAIRMENT_OPEN;TYP_LEASING_TYPE;TYP_NON_PERFORMING;TYP_PAYMENT_SERV;TYP_PORTFOLIO_IFRS9;TYP_PROBATION;TYP_RESTRUCTURED;TYP_SEPARATED_CONTRACT;TYP_WRITE_OFF;MAT_PAST_DUE;TYP_ORIGIN_INV;TYP_SECURITISATION;TYP_SETT_CREDIT;TYP_RESECURITISATION;TYP_CORRELATION_TRADING;PER_AVG_WEIGHT;TYP_ASSESSMENT;TYP_ELIGIBILITY_FUND;IDE_SECURITISATION_REF;TYP_DEDUCTION;TYP_COREP_TRAD_POS;TYP_SIGNIFICANT_INVEST;IDE_CONVERTIBLE_REF;TYP_MAND_CONVERTIBLE;DTE_CLEANUP;DTE_TERMINATION;CTY_ASSETS_SECURITISED;RTE_MOD_DURATION;IDE_TRANSFEREE_REF;RTE_DURATION;IDE_INTERNAL_ONE;IDE_INTERNAL_TWO;IDE_BROKER_REF;RTE_SPREAD;MAT_ORIGINAL;IDE_IBAN
5;20240331;1;0;01/06/2014;01/06/2014;;01/06/2024;;;GRP_908428001023;CTP_CKV;;PROGRESS 600SEC;POS_530005700894;;CON_908428001023;;;CTP_CKV;;;300901;1;0.0325;2;;;;;;;;;;1;7;;20;;;1;2;;;;;;;;;;;;;;;;;;;;;;;;;;;;;;;;;1;;;;;;;;;;;;;;;;;;;;;;;;;;;;;;;;;;;;;;;;;;;;10;Schuldbewijs;Gedematerialiseerd depobewijs;BRO_4948;179;3653;
5;20240331;1;0;15/06/2014;15/06/2014;;15/06/2024;;;GRP_908428001528;CTP_CKV;;PROGRESS 600SEC;POS_530006700806;;CON_908428001528;;;CTP_CKV;;;300901;1;0.0325;2;;;;;;;;;;1;7;;20;;;1;2;;;;;;;;;;;;;;;;;;;;;;;;;;;;;;;;;1;;;;;;;;;;;;;;;;;;;;;;;;;;;;;;;;;;;;;;;;;;;;10;Schuldbewijs;Gedematerialiseerd depobewijs;BRO_4948;178;3653;
5;20240331;1;0;01/09/2014;01/09/2014;;01/09/2024;;;GRP_906402003954;CTP_CKV;;PROGRESS 600SEC;POS_530007700815;;CON_906402003954;;;CTP_CKV;;;300901;1;0.0325;2;;;;;;;;;;1;7;;20;;;1;2;;;;;;;;;;;;;;;;;;;;;;;;;;;;;;;;;1;;;;;;;;;;;;;;;;;;;;;;;;;;;;;;;;;;;;;;;;;;;;10;Schuldbewijs;Gedematerialiseerd depobewijs;BRO_8200;231;3653;
5;20240331;1;0;01/12/2014;01/12/2014;;01/12/2024;;;GRP_906402006984;CTP_CKV;;PROGRESS 600SEC;POS_530008700925;;CON_906402006984;;;CTP_CKV;;;300901;1;0.0325;2;;;;;;;;;;1;7;;20;;;1;2;;;;;;;;;;;;;;;;;;;;;;;;;;;;;;;;;1;;;;;;;;;;;;;;;;;;;;;;;;;;;;;;;;;;;;;;;;;;;;10;Schuldbewijs;Gedematerialiseerd depobewijs;BRO_8200;254;3653;
5;20240331;1;0;01/01/2015;01/01/2015;;01/01/2025;;;GRP_908402004821;CTP_CKV;;PROGRESS 600SEC;POS_530009700934;;CON_908402004821;;;CTP_CKV;;;300901;1;0.0325;2;;;;;;;;;;1;7;;20;;;1;2;;;;;;;;;;;;;;;;;;;;;;;;;;;;;;;;;1;;;;;;;;;;;;;;;;;;;;;;;;;;;;;;;;;;;;;;;;;;;;10;Schuldbewijs;Gedematerialiseerd depobewijs;BRO_4948;270;3653;
5;20240331;1;0;01/01/2015;01/01/2015;;01/01/2025;;;GRP_908402015430;CTP_CKV;;PROGRESS 600SEC;POS_530010700943;;CON_908402015430;;;CTP_CKV;;;300901;1;0.0325;2;;;;;;;;;;1;7;;20;;;1;2;;;;;;;;;;;;;;;;;;;;;;;;;;;;;;;;;1;;;;;;;;;;;;;;;;;;;;;;;;;;;;;;;;;;;;;;;;;;;;10;Schuldbewijs;Gedematerialiseerd depobewijs;BRO_4948;270;3653;
5;20240331;1;0;01/01/2015;01/01/2015;;01/01/2025;;;GRP_908402015329;CTP_CKV;;PROGRESS 600SEC;POS_530011700952;;CON_908402015329;;;CTP_CKV;;;300901;1;0.0325;2;;;;;;;;;;1;7;;20;;;1;2;;;;;;;;;;;;;;;;;;;;;;;;;;;;;;;;;1;;;;;;;;;;;;;;;;;;;;;;;;;;;;;;;;;;;;;;;;;;;;10;Schuldbewijs;Gedematerialiseerd depobewijs;BRO_4948;270;3653;
5;20240331;1;0;01/01/2015;01/01/2015;;01/01/2025;;;GRP_908402015329;CTP_CKV;;PROGRESS 600SEC;POS_530012701062;;CON_908402015329;;;CTP_CKV;;;300901;1;0.0300;2;;;;;;;;;;1;7;;20;;;1;2;;;;;;;;;;;;;;;;;;;;;;;;;;;;;;;;;1;;;;;;;;;;;;;;;;;;;;;;;;;;;;;;;;;;;;;;;;;;;;10;Schuldbewijs;Gedematerialiseerd depobewijs;BRO_4948;245;3653;
5;20240331;1;0;01/01/2015;01/01/2015;;01/01/2025;;;GRP_908402001282;CTP_CKV;;PROGRESS 600SEC;POS_530013700970;;CON_908402001282;;;CTP_CKV;;;300901;1;0.0325;2;;;;;;;;;;1;7;;20;;;1;2;;;;;;;;;;;;;;;;;;;;;;;;;;;;;;;;;1;;;;;;;;;;;;;;;;;;;;;;;;;;;;;;;;;;;;;;;;;;;;10;Schuldbewijs;Gedematerialiseerd depobewijs;BRO_4948;270;3653;
5;20240331;1;0;01/01/2015;01/01/2015;;01/01/2025;;;GRP_908428001124;CTP_CKV;;PROGRESS 600SEC;POS_530014700979;;CON_908428001124;;;CTP_CKV;;;300901;1;0.0325;2;;;;;;;;;;1;7;;20;;;1;2;;;;;;;;;;;;;;;;;;;;;;;;;;;;;;;;;1;;;;;;;;;;;;;;;;;;;;;;;;;;;;;;;;;;;;;;;;;;;;10;Schuldbewijs;Gedematerialiseerd depobewijs;BRO_4948;270;3653;
5;20240331;1;0;01/02/2015;01/02/2015;;01/02/2025;;;GRP_908401055332;CTP_CKV;;PROGRESS 600SEC;POS_530015701089;;CON_908401055332;;;CTP_CKV;;;300901;1;0.0300;2;;;;;;;;;;1;7;;20;;;1;2;;;;;;;;;;;;;;;;;;;;;;;;;;;;;;;;;1;;;;;;;;;;;;;;;;;;;;;;;;;;;;;;;;;;;;;;;;;;;;10;Schuldbewijs;Gedematerialiseerd depobewijs;BRO_3003;271;3653;
5;20240331;1;0;01/02/2015;01/02/2015;;01/02/2025;;;GRP_908414004024;CTP_CKV;;PROGRESS 600SEC;POS_530016701001;;CON_908414004024;;;CTP_CKV;;;300901;1;0.0300;2;;;;;;;;;;1;7;;20;;;1;2;;;;;;;;;;;;;;;;;;;;;;;;;;;;;;;;;1;;;;;;;;;;;;;;;;;;;;;;;;;;;;;;;;;;;;;;;;;;;;10;Schuldbewijs;Gedematerialiseerd depobewijs;BRO_3000;271;3653;
5;20240331;1;0;01/02/2015;01/02/2015;;01/02/2025;;;GRP_908402016844;CTP_CKV;;PROGRESS 600SEC;POS_530017701010;;CON_908402016844;;;CTP_CKV;;;300901;1;0.0300;2;;;;;;;;;;1;7;;20;;;1;2;;;;;;;;;;;;;;;;;;;;;;;;;;;;;;;;;1;;;;;;;;;;;;;;;;;;;;;;;;;;;;;;;;;;;;;;;;;;;;10;Schuldbewijs;Gedematerialiseerd depobewijs;BRO_4948;271;3653;
5;20240331;1;0;15/02/2015;15/02/2015;;15/02/2025;;;GRP_908428001225;CTP_CKV;;PROGRESS 600SEC;POS_530018701019;;CON_908428001225;;;CTP_CKV;;;300901;1;0.0300;2;;;;;;;;;;1;7;;20;;;1;2;;;;;;;;;;;;;;;;;;;;;;;;;;;;;;;;;1;;;;;;;;;;;;;;;;;;;;;;;;;;;;;;;;;;;;;;;;;;;;10;Schuldbewijs;Gedematerialiseerd depobewijs;BRO_4948;270;3653;
5;20240331;1;0;01/03/2015;01/03/2015;;01/03/2025;;;GRP_908426000702;CTP_CKV;;PROGRESS 600SEC;POS_530019701028;;CON_908426000702;;;CTP_CKV;;;300901;1;0.0300;2;;;;;;;;;;1;7;;20;;;1;2;;;;;;;;;;;;;;;;;;;;;;;;;;;;;;;;;1;;;;;;;;;;;;;;;;;;;;;;;;;;;;;;;;;;;;;;;;;;;;10;Schuldbewijs;Gedematerialiseerd depobewijs;BRO_8265;273;3653;
5;20240331;1;0;15/02/2015;15/02/2015;;15/02/2025;;;GRP_908428001528;CTP_CKV;;PROGRESS 600SEC;POS_530020701037;;CON_908428001528;;;CTP_CKV;;;300901;1;0.0300;2;;;;;;;;;;1;7;;20;;;1;2;;;;;;;;;;;;;;;;;;;;;;;;;;;;;;;;;1;;;;;;;;;;;;;;;;;;;;;;;;;;;;;;;;;;;;;;;;;;;;10;Schuldbewijs;Gedematerialiseerd depobewijs;BRO_4948;270;3653;
5;20240331;1;0;01/03/2015;01/03/2015;;01/03/2025;;;GRP_908400001567;CTP_CKV;;PROGRESS 600SEC;POS_530021701046;;CON_908400001567;;;CTP_CKV;;;300901;1;0.0300;2;;;;;;;;;;1;7;;20;;;1;2;;;;;;;;;;;;;;;;;;;;;;;;;;;;;;;;;1;;;;;;;;;;;;;;;;;;;;;;;;;;;;;;;;;;;;;;;;;;;;10;Schuldbewijs;Gedematerialiseerd depobewijs;BRO_3620;273;3653;
5;20240331;1;0;15/03/2015;15/03/2015;;15/03/2025;;;GRP_908426000803;CTP_CKV;;PROGRESS 600SEC;POS_530022701156;;CON_908426000803;;;CTP_CKV;;;300901;1;0.0275;2;;;;;;;;;;1;7;;20;;;1;2;;;;;;;;;;;;;;;;;;;;;;;;;;;;;;;;;1;;;;;;;;;;;;;;;;;;;;;;;;;;;;;;;;;;;;;;;;;;;;10;Schuldbewijs;Gedematerialiseerd depobewijs;BRO_8265;255;3653;
5;20240331;1;0;15/04/2015;15/04/2015;;15/04/2025;;;GRP_906402010624;CTP_CKV;;PROGRESS 600SEC;POS_530023701165;;CON_906402010624;;;CTP_CKV;;;300901;1;0.0275;2;;;;;;;;;;1;7;;20;;;1;2;;;;;;;;;;;;;;;;;;;;;;;;;;;;;;;;;1;;;;;;;;;;;;;;;;;;;;;;;;;;;;;;;;;;;;;;;;;;;;10;Schuldbewijs;Gedematerialiseerd depobewijs;BRO_8200;268;3653;
5;20240331;1;0;01/04/2015;01/04/2015;;01/04/2025;;;GRP_908428001326;CTP_CKV;;PROGRESS 600SEC;POS_530024701174;;CON_908428001326;;;CTP_CKV;;;300901;1;0.0275;2;;;;;;;;;;1;7;;20;;;1;2;;;;;;;;;;;;;;;;;;;;;;;;;;;;;;;;;1;;;;;;;;;;;;;;;;;;;;;;;;;;;;;;;;;;;;;;;;;;;;10;Schuldbewijs;Gedematerialiseerd depobewijs;BRO_4948;261;3653;
5;20240331;1;0;01/05/2015;01/05/2015;;01/05/2025;;;GRP_908428001326;CTP_CKV;;PROGRESS 600SEC;POS_530025701183;;CON_908428001326;;;CTP_CKV;;;300901;1;0.0275;2;;;;;;;;;;1;7;;20;;;1;2;;;;;;;;;;;;;;;;;;;;;;;;;;;;;;;;;1;;;;;;;;;;;;;;;;;;;;;;;;;;;;;;;;;;;;;;;;;;;;10;Schuldbewijs;Gedematerialiseerd depobewijs;BRO_4948;243;3653;
5;20240331;1;0;15/05/2015;15/05/2015;;15/05/2025;;;GRP_908400001567;CTP_CKV;;PROGRESS 600SEC;POS_530026701192;;CON_908400001567;;;CTP_CKV;;;300901;1;0.0275;2;;;;;;;;;;1;7;;20;;;1;2;;;;;;;;;;;;;;;;;;;;;;;;;;;;;;;;;1;;;;;;;;;;;;;;;;;;;;;;;;;;;;;;;;;;;;;;;;;;;;10;Schuldbewijs;Gedematerialiseerd depobewijs;BRO_3620;211;3653;
5;20240331;1;0;01/07/2015;01/07/2015;;01/07/2025;;;GRP_906402010927;CTP_CKV;;PROGRESS 600SEC;POS_530029701122;;CON_906402010927;;;CTP_CKV;;;300901;1;0.0275;2;;;;;;;;;;1;7;;20;;;1;2;;;;;;;;;;;;;;;;;;;;;;;;;;;;;;;;;1;;;;;;;;;;;;;;;;;;;;;;;;;;;;;;;;;;;;;;;;;;;;10;Schuldbewijs;Gedematerialiseerd depobewijs;BRO_8200;184;3653;
5;20240331;1;0;01/07/2015;01/07/2015;;01/07/2025;;;GRP_906402010927;CTP_CKV;;PROGRESS 600SEC;POS_530030701131;;CON_906402010927;;;CTP_CKV;;;300901;1;0.0275;2;;;;;;;;;;1;7;;20;;;1;2;;;;;;;;;;;;;;;;;;;;;;;;;;;;;;;;;1;;;;;;;;;;;;;;;;;;;;;;;;;;;;;;;;;;;;;;;;;;;;10;Schuldbewijs;Gedematerialiseerd depobewijs;BRO_8200;184;3653;
5;20240331;1;0;01/07/2015;01/07/2015;;01/07/2025;;;GRP_908402020480;CTP_CKV;;PROGRESS 600SEC;POS_530031701140;;CON_908402020480;;;CTP_CKV;;;300901;1;0.0275;2;;;;;;;;;;1;7;;20;;;1;2;;;;;;;;;;;;;;;;;;;;;;;;;;;;;;;;;1;;;;;;;;;;;;;;;;;;;;;;;;;;;;;;;;;;;;;;;;;;;;10;Schuldbewijs;Gedematerialiseerd depobewijs;BRO_4948;184;3653;
5;20240331;1;0;15/07/2015;15/07/2015;;15/07/2025;;;GRP_908402031796;CTP_CKV;;PROGRESS 600SEC;POS_530034701167;;CON_908402031796;;;CTP_CKV;;;300901;1;0.0275;2;;;;;;;;;;1;7;;20;;;1;2;;;;;;;;;;;;;;;;;;;;;;;;;;;;;;;;;1;;;;;;;;;;;;;;;;;;;;;;;;;;;;;;;;;;;;;;;;;;;;10;Schuldbewijs;Gedematerialiseerd depobewijs;BRO_8200;193;3653;
5;20240331;1;0;15/07/2015;15/07/2015;;15/07/2025;;;GRP_908401002586;CTP_CKV;;PROGRESS 600SEC;POS_530035701176;;CON_908401002586;;;CTP_CKV;;;300901;1;0.0275;2;;;;;;;;;;1;7;;20;;;1;2;;;;;;;;;;;;;;;;;;;;;;;;;;;;;;;;;1;;;;;;;;;;;;;;;;;;;;;;;;;;;;;;;;;;;;;;;;;;;;10;Schuldbewijs;Gedematerialiseerd depobewijs;BRO_3003;193;3653;
5;20240331;1;0;15/09/2015;15/09/2015;;15/09/2025;;;GRP_908402019470;CTP_CKV;;PROGRESS 600SEC;POS_530036701185;;CON_908402019470;;;CTP_CKV;;;300901;1;0.0275;2;;;;;;;;;;1;7;;20;;;1;2;;;;;;;;;;;;;;;;;;;;;;;;;;;;;;;;;1;;;;;;;;;;;;;;;;;;;;;;;;;;;;;;;;;;;;;;;;;;;;10;Schuldbewijs;Gedematerialiseerd depobewijs;BRO_4948;203;3653;
5;20240331;1;0;15/05/2016;15/05/2016;;15/05/2026;;;GRP_908428001225;CTP_CKV;;PROGRESS 600SEC;POS_530037701295;;CON_908428001225;;;CTP_CKV;;;300901;1;0.0160;2;;;;;;;;;;1;7;;20;;;1;2;;;;;;;;;;;;;;;;;;;;;;;;;;;;;;;;;1;;;;;;;;;;;;;;;;;;;;;;;;;;;;;;;;;;;;;;;;;;;;10;Schuldbewijs;Gedematerialiseerd depobewijs;BRO_4948;151;3652;
5;20240331;1;0;01/08/2016;01/08/2016;;01/08/2026;;;GRP_908400001567;CTP_CKV;;PROGRESS 600SEC;POS_530038701308;;CON_908400001567;;;CTP_CKV;;;300901;1;0.0145;2;;;;;;;;;;1;7;;20;;;1;2;;;;;;;;;;;;;;;;;;;;;;;;;;;;;;;;;1;;;;;;;;;;;;;;;;;;;;;;;;;;;;;;;;;;;;;;;;;;;;10;Schuldbewijs;Gedematerialiseerd depobewijs;BRO_3620;170;3652;
5;20240331;1;0;01/09/2016;01/09/2016;;01/09/2026;;;GRP_908400001567;CTP_CKV;;PROGRESS 600SEC;POS_530039701317;;CON_908400001567;;;CTP_CKV;;;300901;1;0.0145;2;;;;;;;;;;1;7;;20;;;1;2;;;;;;;;;;;;;;;;;;;;;;;;;;;;;;;;;1;;;;;;;;;;;;;;;;;;;;;;;;;;;;;;;;;;;;;;;;;;;;10;Schuldbewijs;Gedematerialiseerd depobewijs;BRO_3620;162;3652;
5;20240331;1;0;01/04/2014;01/04/2014;01/04/2024;01/04/2024;;;GRP_908402031291;CTP_CKV;;PROGRESS 600SEC;POS_630002700804;;CON_908402031291;;;CTP_CKV;;;300901;1;0.0325;2;;;;;;;;;;1;7;;20;;;1;2;;;;;;;;;;;;;;;;;;;;;;;;;;;;;;;;;99;;;;;;;;;;;;;;;;;;;;;;;;;;;;;;;;;;;;;;;;;;;;10;Schuldbewijs;Gedematerialiseerd depobewijs;BRO_8200;152;3653;
5;20240331;1;0;15/04/2015;15/04/2015;;15/04/2025;;;GRP_908427000307;CTP_CKV;;PROGRESS 600SEC;POS_630004701125;;CON_908427000307;;;CTP_CKV;;;300901;1;0.0275;2;;;;;;;;;;1;7;;20;;;1;2;;;;;;;;;;;;;;;;;;;;;;;;;;;;;;;;;99;;;;;;;;;;;;;;;;;;;;;;;;;;;;;;;;;;;;;;;;;;;;10;Schuldbewijs;Gedematerialiseerd depobewijs;BRO_3003;268;3653;
5;20240331;1;0;10/08/2020;10/08/2020;;10/08/2025;;;GRP_908499007750;CTP_KBC;;PROGRESS 600SEC;POS_6348752;;CON_908499007750;;;CTP_CKV;;;300800;1;0.0000;2;;;;;;;;;;1;7;;20;;;1;2;;;;;;;;;;;;;;;;;;;;;;;;;;;;;;;;;1;;;;;;;;;;;;;;;;;;;;;;;;;;;;;;;;;;;;;;;;;;;;0;Schuldbewijs;KasBon;BRO_3000;;0;
5;20240331;1;0;04/06/2021;04/06/2021;;04/06/2026;;;GRP_908499008356;CTP_KBC;;PROGRESS 600SEC;POS_6362065;;CON_908499008356;;;CTP_CKV;;;300800;1;0.0000;2;;;;;;;;;;1;7;;20;;;1;2;;;;;;;;;;;;;;;;;;;;;;;;;;;;;;;;;1;;;;;;;;;;;;;;;;;;;;;;;;;;;;;;;;;;;;;;;;;;;;0;Schuldbewijs;KasBon;BRO_3000;;0;
5;20240331;1;0;11/08/2021;11/08/2021;;11/08/2026;;;GRP_908499008255;CTP_KBC;;PROGRESS 600SEC;POS_6364022;;CON_908499008255;;;CTP_CKV;;;300800;1;0.0000;2;;;;;;;;;;1;7;;20;;;1;2;;;;;;;;;;;;;;;;;;;;;;;;;;;;;;;;;1;;;;;;;;;;;;;;;;;;;;;;;;;;;;;;;;;;;;;;;;;;;;0;Schuldbewijs;KasBon;BRO_3000;;0;
5;20240331;1;0;18/08/2021;18/08/2021;;18/08/2024;;;GRP_908499008053;CTP_KBC;;PROGRESS 600SEC;POS_6385001;;CON_908499008053;;;CTP_CKV;;;300800;1;0.0000;2;;;;;;;;;;1;7;;20;;;1;2;;;;;;;;;;;;;;;;;;;;;;;;;;;;;;;;;1;;;;;;;;;;;;;;;;;;;;;;;;;;;;;;;;;;;;;;;;;;;;0;Schuldbewijs;KasBon;BRO_3000;;0;
5;20240331;1;0;15/04/2014;15/04/2014;15/04/2024;15/04/2024;;;GRP_908400005914;CTP_CKV;;PROGRESS 600SEC;POS_760939304595;;CON_908400005914;;;CTP_CKV;;;300800;1;0.0290;2;;;;;;;;;;1;7;;20;;;1;2;;;;;;;;;;;;;;;;;;;;;;;;;;;;;;;;;1;;;;;;;;;;;;;;;;;;;;;;;;;;;;;;;;;;;;;;;;;;;;10;Schuldbewijs;GroeiBon;BRO_3000;126;3653;
5;20240331;1;0;01/05/2014;01/05/2014;01/05/2024;01/05/2024;;;GRP_908400005914;CTP_CKV;;PROGRESS 600SEC;POS_760940304507;;CON_908400005914;;;CTP_CKV;;;300800;1;0.0290;2;;;;;;;;;;1;7;;20;;;1;2;;;;;;;;;;;;;;;;;;;;;;;;;;;;;;;;;1;;;;;;;;;;;;;;;;;;;;;;;;;;;;;;;;;;;;;;;;;;;;10;Schuldbewijs;GroeiBon;BRO_3000;128;3653;
5;20240331;1;0;15/05/2014;15/05/2014;;15/05/2024;;;GRP_908404001506;CTP_CKV;;PROGRESS 600SEC;POS_760941304516;;CON_908404001506;;;CTP_CKV;;;300800;1;0.0290;2;;;;;;;;;;1;7;;20;;;1;2;;;;;;;;;;;;;;;;;;;;;;;;;;;;;;;;;1;;;;;;;;;;;;;;;;;;;;;;;;;;;;;;;;;;;;;;;;;;;;10;Schuldbewijs;GroeiBon;BRO_8207;144;3653;
5;20240331;1;0;15/06/2014;15/06/2014;;15/06/2024;;;GRP_908404001506;CTP_CKV;;PROGRESS 600SEC;POS_760942304525;;CON_908404001506;;;CTP_CKV;;;300800;1;0.0290;2;;;;;;;;;;1;7;;20;;;1;2;;;;;;;;;;;;;;;;;;;;;;;;;;;;;;;;;1;;;;;;;;;;;;;;;;;;;;;;;;;;;;;;;;;;;;;;;;;;;;10;Schuldbewijs;GroeiBon;BRO_8207;143;3653;
5;20240331;1;0;15/06/2014;15/06/2014;;15/06/2024;;;GRP_906412000210;CTP_CKV;;PROGRESS 600SEC;POS_760943304534;;CON_906412000210;;;CTP_CKV;;;300800;1;0.0290;2;;;;;;;;;;1;7;;20;;;1;2;;;;;;;;;;;;;;;;;;;;;;;;;;;;;;;;;1;;;;;;;;;;;;;;;;;;;;;;;;;;;;;;;;;;;;;;;;;;;;10;Schuldbewijs;GroeiBon;BRO_8235;143;3653;
5;20240331;1;0;01/07/2014;01/07/2014;;01/07/2024;;;GRP_908401041487;CTP_CKV;;PROGRESS 600SEC;POS_760944304543;;CON_908401041487;;;CTP_CKV;;;300800;1;0.0290;2;;;;;;;;;;1;7;;20;;;1;2;;;;;;;;;;;;;;;;;;;;;;;;;;;;;;;;;1;;;;;;;;;;;;;;;;;;;;;;;;;;;;;;;;;;;;;;;;;;;;10;Schuldbewijs;GroeiBon;BRO_3003;157;3653;
5;20240331;1;0;01/07/2014;01/07/2014;;01/07/2024;;;GRP_908404001506;CTP_CKV;;PROGRESS 600SEC;POS_760945304552;;CON_908404001506;;;CTP_CKV;;;300800;1;0.0290;2;;;;;;;;;;1;7;;20;;;1;2;;;;;;;;;;;;;;;;;;;;;;;;;;;;;;;;;1;;;;;;;;;;;;;;;;;;;;;;;;;;;;;;;;;;;;;;;;;;;;10;Schuldbewijs;GroeiBon;BRO_8207;157;3653;
5;20240331;1;0;01/08/2014;01/08/2014;;01/08/2024;;;GRP_906412000210;CTP_CKV;;PROGRESS 600SEC;POS_760946304561;;CON_906412000210;;;CTP_CKV;;;300800;1;0.0290;2;;;;;;;;;;1;7;;20;;;1;2;;;;;;;;;;;;;;;;;;;;;;;;;;;;;;;;;1;;;;;;;;;;;;;;;;;;;;;;;;;;;;;;;;;;;;;;;;;;;;10;Schuldbewijs;GroeiBon;BRO_8235;168;3653;
5;20240331;1;0;01/09/2014;01/09/2014;;01/09/2024;;;GRP_908404001506;CTP_CKV;;PROGRESS 600SEC;POS_760947304570;;CON_908404001506;;;CTP_CKV;;;300800;1;0.0290;2;;;;;;;;;;1;7;;20;;;1;2;;;;;;;;;;;;;;;;;;;;;;;;;;;;;;;;;1;;;;;;;;;;;;;;;;;;;;;;;;;;;;;;;;;;;;;;;;;;;;10;Schuldbewijs;GroeiBon;BRO_8207;196;3653;
5;20240331;1;0;01/10/2014;01/10/2014;;01/10/2024;;;GRP_908404001506;CTP_CKV;;PROGRESS 600SEC;POS_760948304680;;CON_908404001506;;;CTP_CKV;;;300800;1;0.0290;2;;;;;;;;;;1;7;;20;;;1;2;;;;;;;;;;;;;;;;;;;;;;;;;;;;;;;;;1;;;;;;;;;;;;;;;;;;;;;;;;;;;;;;;;;;;;;;;;;;;;10;Schuldbewijs;GroeiBon;BRO_8207;199;3653;
5;20240331;1;0;01/11/2014;01/11/2014;;01/11/2024;;;GRP_908404001506;CTP_CKV;;PROGRESS 600SEC;POS_760949304689;;CON_908404001506;;;CTP_CKV;;;300800;1;0.0290;2;;;;;;;;;;1;7;;20;;;1;2;;;;;;;;;;;;;;;;;;;;;;;;;;;;;;;;;1;;;;;;;;;;;;;;;;;;;;;;;;;;;;;;;;;;;;;;;;;;;;10;Schuldbewijs;GroeiBon;BRO_8207;204;3653;
5;20240331;1;0;01/12/2014;01/12/2014;;01/12/2024;;;GRP_908404001506;CTP_CKV;;PROGRESS 600SEC;POS_760950304601;;CON_908404001506;;;CTP_CKV;;;300800;1;0.0290;2;;;;;;;;;;1;7;;20;;;1;2;;;;;;;;;;;;;;;;;;;;;;;;;;;;;;;;;1;;;;;;;;;;;;;;;;;;;;;;;;;;;;;;;;;;;;;;;;;;;;10;Schuldbewijs;GroeiBon;BRO_8207;219;3653;
5;20240331;1;0;01/01/2015;01/01/2015;;01/01/2025;;;GRP_908404001506;CTP_CKV;;PROGRESS 600SEC;POS_760951304711;;CON_908404001506;;;CTP_CKV;;;300800;1;0.0265;2;;;;;;;;;;1;7;;20;;;1;2;;;;;;;;;;;;;;;;;;;;;;;;;;;;;;;;;1;;;;;;;;;;;;;;;;;;;;;;;;;;;;;;;;;;;;;;;;;;;;10;Schuldbewijs;GroeiBon;BRO_8207;210;3653;
5;20240331;1;0;01/02/2015;01/02/2015;;01/02/2025;;;GRP_908404001506;CTP_CKV;;PROGRESS 600SEC;POS_760952304720;;CON_908404001506;;;CTP_CKV;;;300800;1;0.0265;2;;;;;;;;;;1;7;;20;;;1;2;;;;;;;;;;;;;;;;;;;;;;;;;;;;;;;;;1;;;;;;;;;;;;;;;;;;;;;;;;;;;;;;;;;;;;;;;;;;;;10;Schuldbewijs;GroeiBon;BRO_8207;236;3653;
5;20240331;1;0;01/03/2015;01/03/2015;;01/03/2025;;;GRP_906400016161;CTP_CKV;;PROGRESS 600SEC;POS_760953304729;;CON_906400016161;;;CTP_CKV;;;300800;1;0.0265;2;;;;;;;;;;1;7;;20;;;1;2;;;;;;;;;;;;;;;;;;;;;;;;;;;;;;;;;1;;;;;;;;;;;;;;;;;;;;;;;;;;;;;;;;;;;;;;;;;;;;10;Schuldbewijs;GroeiBon;BRO_3621;238;3653;
5;20240331;1;0;01/03/2015;01/03/2015;;01/03/2025;;;GRP_906400016161;CTP_CKV;;PROGRESS 600SEC;POS_760954304738;;CON_906400016161;;;CTP_CKV;;;300800;1;0.0265;2;;;;;;;;;;1;7;;20;;;1;2;;;;;;;;;;;;;;;;;;;;;;;;;;;;;;;;;1;;;;;;;;;;;;;;;;;;;;;;;;;;;;;;;;;;;;;;;;;;;;10;Schuldbewijs;GroeiBon;BRO_3621;238;3653;
5;20240331;1;0;01/03/2015;01/03/2015;;01/03/2025;;;GRP_908404001506;CTP_CKV;;PROGRESS 600SEC;POS_760955304848;;CON_908404001506;;;CTP_CKV;;;300800;1;0.0240;2;;;;;;;;;;1;7;;20;;;1;2;;;;;;;;;;;;;;;;;;;;;;;;;;;;;;;;;1;;;;;;;;;;;;;;;;;;;;;;;;;;;;;;;;;;;;;;;;;;;;10;Schuldbewijs;GroeiBon;BRO_8207;213;3653;
5;20240331;1;0;01/04/2015;01/04/2015;;01/04/2025;;;GRP_908404001506;CTP_CKV;;PROGRESS 600SEC;POS_760956304857;;CON_908404001506;;;CTP_CKV;;;300800;1;0.0240;2;;;;;;;;;;1;7;;20;;;1;2;;;;;;;;;;;;;;;;;;;;;;;;;;;;;;;;;1;;;;;;;;;;;;;;;;;;;;;;;;;;;;;;;;;;;;;;;;;;;;10;Schuldbewijs;GroeiBon;BRO_8207;226;3653;
5;20240331;1;0;15/05/2015;15/05/2015;;15/05/2025;;;GRP_908404001506;CTP_CKV;;PROGRESS 600SEC;POS_760957304866;;CON_908404001506;;;CTP_CKV;;;300800;1;0.0240;2;;;;;;;;;;1;7;;20;;;1;2;;;;;;;;;;;;;;;;;;;;;;;;;;;;;;;;;1;;;;;;;;;;;;;;;;;;;;;;;;;;;;;;;;;;;;;;;;;;;;10;Schuldbewijs;GroeiBon;BRO_8207;176;3653;
5;20240331;1;0;01/06/2015;01/06/2015;;01/06/2025;;;GRP_908400017735;CTP_CKV;;PROGRESS 600SEC;POS_760958304875;;CON_908400017735;;;CTP_CKV;;;300800;1;0.0240;2;;;;;;;;;;1;7;;20;;;1;2;;;;;;;;;;;;;;;;;;;;;;;;;;;;;;;;;1;;;;;;;;;;;;;;;;;;;;;;;;;;;;;;;;;;;;;;;;;;;;10;Schuldbewijs;GroeiBon;BRO_3000;191;3653;
5;20240331;1;0;01/06/2015;01/06/2015;;01/06/2025;;;GRP_908404001506;CTP_CKV;;PROGRESS 600SEC;POS_760959304884;;CON_908404001506;;;CTP_CKV;;;300800;1;0.0240;2;;;;;;;;;;1;7;;20;;;1;2;;;;;;;;;;;;;;;;;;;;;;;;;;;;;;;;;1;;;;;;;;;;;;;;;;;;;;;;;;;;;;;;;;;;;;;;;;;;;;10;Schuldbewijs;GroeiBon;BRO_8207;191;3653;
5;20240331;1;0;15/06/2015;15/06/2015;;15/06/2025;;;GRP_908406005968;CTP_CKV;;PROGRESS 600SEC;POS_760960304893;;CON_908406005968;;;CTP_CKV;;;300800;1;0.0240;2;;;;;;;;;;1;7;;20;;;1;2;;;;;;;;;;;;;;;;;;;;;;;;;;;;;;;;;99;;;;;;;;;;;;;;;;;;;;;;;;;;;;;;;;;;;;;;;;;;;;10;Schuldbewijs;GroeiBon;BRO_3621;155;3653;
5;20240331;1;0;01/07/2015;01/07/2015;;01/07/2025;;;GRP_908404001506;CTP_CKV;;PROGRESS 600SEC;POS_760961304805;;CON_908404001506;;;CTP_CKV;;;300800;1;0.0240;2;;;;;;;;;;1;7;;20;;;1;2;;;;;;;;;;;;;;;;;;;;;;;;;;;;;;;;;1;;;;;;;;;;;;;;;;;;;;;;;;;;;;;;;;;;;;;;;;;;;;10;Schuldbewijs;GroeiBon;BRO_8207;149;3653;
5;20240331;1;0;01/07/2015;01/07/2015;;01/07/2025;;;GRP_908400017735;CTP_CKV;;PROGRESS 600SEC;POS_760962304814;;CON_908400017735;;;CTP_CKV;;;300800;1;0.0240;2;;;;;;;;;;1;7;;20;;;1;2;;;;;;;;;;;;;;;;;;;;;;;;;;;;;;;;;1;;;;;;;;;;;;;;;;;;;;;;;;;;;;;;;;;;;;;;;;;;;;10;Schuldbewijs;GroeiBon;BRO_3000;149;3653;
5;20240331;1;0;01/07/2015;01/07/2015;;01/07/2025;;;GRP_908427000408;CTP_CKV;;PROGRESS 600SEC;POS_760963304823;;CON_908427000408;;;CTP_CKV;;;300800;1;0.0240;2;;;;;;;;;;1;7;;20;;;1;2;;;;;;;;;;;;;;;;;;;;;;;;;;;;;;;;;1;;;;;;;;;;;;;;;;;;;;;;;;;;;;;;;;;;;;;;;;;;;;10;Schuldbewijs;GroeiBon;BRO_3003;149;3653;
5;20240331;1;0;01/07/2015;01/07/2015;;01/07/2025;;;GRP_908427000408;CTP_CKV;;PROGRESS 600SEC;POS_760964304832;;CON_908427000408;;;CTP_CKV;;;300800;1;0.0240;2;;;;;;;;;;1;7;;20;;;1;2;;;;;;;;;;;;;;;;;;;;;;;;;;;;;;;;;1;;;;;;;;;;;;;;;;;;;;;;;;;;;;;;;;;;;;;;;;;;;;10;Schuldbewijs;GroeiBon;BRO_3003;149;3653;
5;20240331;1;0;01/07/2015;01/07/2015;;01/07/2025;;;GRP_908427000610;CTP_CKV;;PROGRESS 600SEC;POS_760965304841;;CON_908427000610;;;CTP_CKV;;;300800;1;0.0240;2;;;;;;;;;;1;7;;20;;;1;2;;;;;;;;;;;;;;;;;;;;;;;;;;;;;;;;;1;;;;;;;;;;;;;;;;;;;;;;;;;;;;;;;;;;;;;;;;;;;;10;Schuldbewijs;GroeiBon;BRO_3003;149;3653;
5;20240331;1;0;01/07/2015;01/07/2015;;01/07/2025;;;GRP_908427000610;CTP_CKV;;PROGRESS 600SEC;POS_760966304850;;CON_908427000610;;;CTP_CKV;;;300800;1;0.0240;2;;;;;;;;;;1;7;;20;;;1;2;;;;;;;;;;;;;;;;;;;;;;;;;;;;;;;;;1;;;;;;;;;;;;;;;;;;;;;;;;;;;;;;;;;;;;;;;;;;;;10;Schuldbewijs;GroeiBon;BRO_3003;149;3653;
5;20240331;1;0;01/07/2015;01/07/2015;;01/07/2025;;;GRP_908427000610;CTP_CKV;;PROGRESS 600SEC;POS_760967304859;;CON_908427000610;;;CTP_CKV;;;300800;1;0.0240;2;;;;;;;;;;1;7;;20;;;1;2;;;;;;;;;;;;;;;;;;;;;;;;;;;;;;;;;1;;;;;;;;;;;;;;;;;;;;;;;;;;;;;;;;;;;;;;;;;;;;10;Schuldbewijs;GroeiBon;BRO_3003;149;3653;
5;20240331;1;0;01/07/2015;01/07/2015;;01/07/2025;;;GRP_908427000610;CTP_CKV;;PROGRESS 600SEC;POS_760968304868;;CON_908427000610;;;CTP_CKV;;;300800;1;0.0240;2;;;;;;;;;;1;7;;20;;;1;2;;;;;;;;;;;;;;;;;;;;;;;;;;;;;;;;;1;;;;;;;;;;;;;;;;;;;;;;;;;;;;;;;;;;;;;;;;;;;;10;Schuldbewijs;GroeiBon;BRO_3003;149;3653;
5;20240331;1;0;01/07/2015;01/07/2015;;01/07/2025;;;GRP_908401041487;CTP_CKV;;PROGRESS 600SEC;POS_760969304877;;CON_908401041487;;;CTP_CKV;;;300800;1;0.0240;2;;;;;;;;;;1;7;;20;;;1;2;;;;;;;;;;;;;;;;;;;;;;;;;;;;;;;;;1;;;;;;;;;;;;;;;;;;;;;;;;;;;;;;;;;;;;;;;;;;;;10;Schuldbewijs;GroeiBon;BRO_3003;149;3653;
5;20240331;1;0;01/07/2015;01/07/2015;;01/07/2025;;;GRP_908401041487;CTP_CKV;;PROGRESS 600SEC;POS_760970304886;;CON_908401041487;;;CTP_CKV;;;300800;1;0.0240;2;;;;;;;;;;1;7;;20;;;1;2;;;;;;;;;;;;;;;;;;;;;;;;;;;;;;;;;1;;;;;;;;;;;;;;;;;;;;;;;;;;;;;;;;;;;;;;;;;;;;10;Schuldbewijs;GroeiBon;BRO_3003;149;3653;
5;20240331;1;0;01/07/2015;01/07/2015;;01/07/2025;;;GRP_908401041487;CTP_CKV;;PROGRESS 600SEC;POS_760971304895;;CON_908401041487;;;CTP_CKV;;;300800;1;0.0240;2;;;;;;;;;;1;7;;20;;;1;2;;;;;;;;;;;;;;;;;;;;;;;;;;;;;;;;;1;;;;;;;;;;;;;;;;;;;;;;;;;;;;;;;;;;;;;;;;;;;;10;Schuldbewijs;GroeiBon;BRO_3003;149;3653;
5;20240331;1;0;01/07/2015;01/07/2015;;01/07/2025;;;GRP_908401041487;CTP_CKV;;PROGRESS 600SEC;POS_760972304807;;CON_908401041487;;;CTP_CKV;;;300800;1;0.0240;2;;;;;;;;;;1;7;;20;;;1;2;;;;;;;;;;;;;;;;;;;;;;;;;;;;;;;;;1;;;;;;;;;;;;;;;;;;;;;;;;;;;;;;;;;;;;;;;;;;;;10;Schuldbewijs;GroeiBon;BRO_3003;149;3653;
5;20240331;1;0;01/07/2015;01/07/2015;;01/07/2025;;;GRP_908401041487;CTP_CKV;;PROGRESS 600SEC;POS_760973304816;;CON_908401041487;;;CTP_CKV;;;300800;1;0.0240;2;;;;;;;;;;1;7;;20;;;1;2;;;;;;;;;;;;;;;;;;;;;;;;;;;;;;;;;1;;;;;;;;;;;;;;;;;;;;;;;;;;;;;;;;;;;;;;;;;;;;10;Schuldbewijs;GroeiBon;BRO_3003;149;3653;
5;20240331;1;0;01/07/2015;01/07/2015;;01/07/2025;;;GRP_908401041487;CTP_CKV;;PROGRESS 600SEC;POS_760974304825;;CON_908401041487;;;CTP_CKV;;;300800;1;0.0240;2;;;;;;;;;;1;7;;20;;;1;2;;;;;;;;;;;;;;;;;;;;;;;;;;;;;;;;;1;;;;;;;;;;;;;;;;;;;;;;;;;;;;;;;;;;;;;;;;;;;;10;Schuldbewijs;GroeiBon;BRO_3003;149;3653;
5;20240331;1;0;15/07/2015;15/07/2015;;15/07/2025;;;GRP_908401045430;CTP_CKV;;PROGRESS 600SEC;POS_760975304834;;CON_908401045430;;;CTP_CKV;;;300800;1;0.0240;2;;;;;;;;;;1;7;;20;;;1;2;;;;;;;;;;;;;;;;;;;;;;;;;;;;;;;;;1;;;;;;;;;;;;;;;;;;;;;;;;;;;;;;;;;;;;;;;;;;;;10;Schuldbewijs;GroeiBon;BRO_3003;158;3653;
5;20240331;1;0;15/07/2015;15/07/2015;;15/07/2025;;;GRP_908401041487;CTP_CKV;;PROGRESS 600SEC;POS_760976304843;;CON_908401041487;;;CTP_CKV;;;300800;1;0.0240;2;;;;;;;;;;1;7;;20;;;1;2;;;;;;;;;;;;;;;;;;;;;;;;;;;;;;;;;1;;;;;;;;;;;;;;;;;;;;;;;;;;;;;;;;;;;;;;;;;;;;10;Schuldbewijs;GroeiBon;BRO_3003;158;3653;
5;20240331;1;0;15/07/2015;15/07/2015;;15/07/2025;;;GRP_908401041487;CTP_CKV;;PROGRESS 600SEC;POS_760977304852;;CON_908401041487;;;CTP_CKV;;;300800;1;0.0240;2;;;;;;;;;;1;7;;20;;;1;2;;;;;;;;;;;;;;;;;;;;;;;;;;;;;;;;;1;;;;;;;;;;;;;;;;;;;;;;;;;;;;;;;;;;;;;;;;;;;;10;Schuldbewijs;GroeiBon;BRO_3003;158;3653;
5;20240331;1;0;15/07/2015;15/07/2015;;15/07/2025;;;GRP_908401041487;CTP_CKV;;PROGRESS 600SEC;POS_760978304861;;CON_908401041487;;;CTP_CKV;;;300800;1;0.0240;2;;;;;;;;;;1;7;;20;;;1;2;;;;;;;;;;;;;;;;;;;;;;;;;;;;;;;;;1;;;;;;;;;;;;;;;;;;;;;;;;;;;;;;;;;;;;;;;;;;;;10;Schuldbewijs;GroeiBon;BRO_3003;158;3653;
5;20240331;1;0;15/07/2015;15/07/2015;;15/07/2025;;;GRP_908401041487;CTP_CKV;;PROGRESS 600SEC;POS_760979304870;;CON_908401041487;;;CTP_CKV;;;300800;1;0.0240;2;;;;;;;;;;1;7;;20;;;1;2;;;;;;;;;;;;;;;;;;;;;;;;;;;;;;;;;1;;;;;;;;;;;;;;;;;;;;;;;;;;;;;;;;;;;;;;;;;;;;10;Schuldbewijs;GroeiBon;BRO_3003;158;3653;
5;20240331;1;0;15/07/2015;15/07/2015;;15/07/2025;;;GRP_908401041487;CTP_CKV;;PROGRESS 600SEC;POS_760980304879;;CON_908401041487;;;CTP_CKV;;;300800;1;0.0240;2;;;;;;;;;;1;7;;20;;;1;2;;;;;;;;;;;;;;;;;;;;;;;;;;;;;;;;;1;;;;;;;;;;;;;;;;;;;;;;;;;;;;;;;;;;;;;;;;;;;;10;Schuldbewijs;GroeiBon;BRO_3003;158;3653;
5;20240331;1;0;15/07/2015;15/07/2015;;15/07/2025;;;GRP_908401041487;CTP_CKV;;PROGRESS 600SEC;POS_760981304888;;CON_908401041487;;;CTP_CKV;;;300800;1;0.0240;2;;;;;;;;;;1;7;;20;;;1;2;;;;;;;;;;;;;;;;;;;;;;;;;;;;;;;;;1;;;;;;;;;;;;;;;;;;;;;;;;;;;;;;;;;;;;;;;;;;;;10;Schuldbewijs;GroeiBon;BRO_3003;158;3653;
5;20240331;1;0;01/08/2015;01/08/2015;;01/08/2025;;;GRP_908404001506;CTP_CKV;;PROGRESS 600SEC;POS_760982304800;;CON_908404001506;;;CTP_CKV;;;300800;1;0.0240;2;;;;;;;;;;1;7;;20;;;1;2;;;;;;;;;;;;;;;;;;;;;;;;;;;;;;;;;1;;;;;;;;;;;;;;;;;;;;;;;;;;;;;;;;;;;;;;;;;;;;10;Schuldbewijs;GroeiBon;BRO_8207;177;3653;
5;20240331;1;0;01/09/2015;01/09/2015;;01/09/2025;;;GRP_908404001506;CTP_CKV;;PROGRESS 600SEC;POS_760983304809;;CON_908404001506;;;CTP_CKV;;;300800;1;0.0240;2;;;;;;;;;;1;7;;20;;;1;2;;;;;;;;;;;;;;;;;;;;;;;;;;;;;;;;;1;;;;;;;;;;;;;;;;;;;;;;;;;;;;;;;;;;;;;;;;;;;;10;Schuldbewijs;GroeiBon;BRO_8207;160;3653;
5;20240331;1;0;01/10/2015;01/10/2015;;01/10/2025;;;GRP_908404002112;CTP_CKV;;PROGRESS 600SEC;POS_760984304919;;CON_908404002112;;;CTP_CKV;;;300800;1;0.0125;2;;;;;;;;;;1;7;;20;;;1;2;;;;;;;;;;;;;;;;;;;;;;;;;;;;;;;;;1;;;;;;;;;;;;;;;;;;;;;;;;;;;;;;;;;;;;;;;;;;;;10;Schuldbewijs;GroeiBon;BRO_8207;70;3653;
5;20240331;1;0;01/11/2015;01/11/2015;;01/11/2025;;;GRP_908404002112;CTP_CKV;;PROGRESS 600SEC;POS_760985304928;;CON_908404002112;;;CTP_CKV;;;300800;1;0.0125;2;;;;;;;;;;1;7;;20;;;1;2;;;;;;;;;;;;;;;;;;;;;;;;;;;;;;;;;1;;;;;;;;;;;;;;;;;;;;;;;;;;;;;;;;;;;;;;;;;;;;10;Schuldbewijs;GroeiBon;BRO_8207;72;3653;
5;20240331;1;0;01/12/2015;01/12/2015;;01/12/2025;;;GRP_908404002112;CTP_CKV;;PROGRESS 600SEC;POS_760986304937;;CON_908404002112;;;CTP_CKV;;;300800;1;0.0125;2;;;;;;;;;;1;7;;20;;;1;2;;;;;;;;;;;;;;;;;;;;;;;;;;;;;;;;;1;;;;;;;;;;;;;;;;;;;;;;;;;;;;;;;;;;;;;;;;;;;;10;Schuldbewijs;GroeiBon;BRO_8207;76;3653;
5;20240331;1;0;01/01/2016;01/01/2016;;01/01/2026;;;GRP_908404002112;CTP_CKV;;PROGRESS 600SEC;POS_760987304946;;CON_908404002112;;;CTP_CKV;;;300800;1;0.0125;2;;;;;;;;;;1;7;;20;;;1;2;;;;;;;;;;;;;;;;;;;;;;;;;;;;;;;;;1;;;;;;;;;;;;;;;;;;;;;;;;;;;;;;;;;;;;;;;;;;;;10;Schuldbewijs;GroeiBon;BRO_8207;58;3653;
5;20240331;1;0;01/02/2016;01/02/2016;;01/02/2026;;;GRP_908404002112;CTP_CKV;;PROGRESS 600SEC;POS_760988304955;;CON_908404002112;;;CTP_CKV;;;300800;1;0.0125;2;;;;;;;;;;1;7;;20;;;1;2;;;;;;;;;;;;;;;;;;;;;;;;;;;;;;;;;1;;;;;;;;;;;;;;;;;;;;;;;;;;;;;;;;;;;;;;;;;;;;10;Schuldbewijs;GroeiBon;BRO_8207;92;3653;
5;20240331;1;0;15/08/2016;15/08/2016;;15/08/2026;;;GRP_908404002415;CTP_CKV;;PROGRESS 600SEC;POS_760989305166;;CON_908404002415;;;CTP_CKV;;;300800;1;0.0125;2;;;;;;;;;;1;7;;20;;;1;2;;;;;;;;;;;;;;;;;;;;;;;;;;;;;;;;;1;;;;;;;;;;;;;;;;;;;;;;;;;;;;;;;;;;;;;;;;;;;;10;Schuldbewijs;GroeiBon;BRO_8207;146;3652;
5;20240331;1;0;31/03/2023;31/03/2023;;31/03/2023;;;GRP_908445000170;CTP_AG;;PROGRESS 600SEC;POS_BE0974264930;;CON_908445000170;;;CTP_CKV;;;300800;1;0.0000;2;;;;;;;;;;1;7;;20;;;1;2;;;;;;;;;;;;;;;;;;;;;;;;;;;;;;;;;1;;;;;;;;;;;;;;;;;;;;;;;;;;;;;;;;;;;;;;;;;;;;0;Schuldbewijs;KasBon;BRO_9590;;0;
5;20240331;1;0;01/01/2016;01/01/2016;;01/01/2026;;;GRP_908400018543;CTP_ING;;PROGRESS 600SEC;POS_BE6264506526;;CON_908400018543;;;CTP_CKV;;;300800;1;0.0100;2;;;;;;;;;;1;7;;20;;;1;2;;;;;;;;;;;;;;;;;;;;;;;;;;;;;;;;;1;;;;;;;;;;;;;;;;;;;;;;;;;;;;;;;;;;;;;;;;;;;;0;Schuldbewijs;KasBon;BRO_3000;;0;
5;20240331;1;0;29/12/2014;29/12/2014;;29/12/2024;;;GRP_908444000464;CTP_ING;;PROGRESS 600SEC;POS_BER00003W7Q0;;CON_908444000464;;;CTP_CKV;;;300800;1;0.0160;2;;;;;;;;;;1;7;;20;;;1;2;;;;;;;;;;;;;;;;;;;;;;;;;;;;;;;;;1;;;;;;;;;;;;;;;;;;;;;;;;;;;;;;;;;;;;;;;;;;;;0;Schuldbewijs;KasBon;BRO_3000;;0;
5;20240331;1;0;25/08/2005;25/08/2005;;25/08/2025;;;GRP_908402032305;CTP_ING;;PROGRESS 600SEC;POS_BER000041415;;CON_908402032305;;;CTP_CKV;;;300800;1;0.0250;2;;;;;;;;;;1;7;;20;;;1;2;;;;;;;;;;;;;;;;;;;;;;;;;;;;;;;;;1;;;;;;;;;;;;;;;;;;;;;;;;;;;;;;;;;;;;;;;;;;;;0;Schuldbewijs;KasBon;BRO_8200;;0;
5;20240331;1;0;01/09/2015;01/09/2015;;01/09/2025;;;GRP_908444000464;CTP_ING;;PROGRESS 600SEC;POS_BER000041534;;CON_908444000464;;;CTP_CKV;;;300800;1;0.0100;2;;;;;;;;;;1;7;;20;;;1;2;;;;;;;;;;;;;;;;;;;;;;;;;;;;;;;;;1;;;;;;;;;;;;;;;;;;;;;;;;;;;;;;;;;;;;;;;;;;;;0;Schuldbewijs;KasBon;BRO_3000;;0;
5;20240331;1;0;01/04/2016;01/04/2016;;01/04/2024;;;GRP_908401032797;CTP_ING;;PROGRESS 600SEC;POS_BER000044DQ7;;CON_908401032797;;;CTP_CKV;;;300800;1;0.0110;2;;;;;;;;;;1;7;;20;;;1;2;;;;;;;;;;;;;;;;;;;;;;;;;;;;;;;;;1;;;;;;;;;;;;;;;;;;;;;;;;;;;;;;;;;;;;;;;;;;;;0;Schuldbewijs;KasBon;BRO_3003;;0;
5;20240331;1;0;29/04/2016;29/04/2016;;29/04/2026;;;GRP_908427000812;CTP_ING;;PROGRESS 600SEC;POS_BER000044TG4;;CON_908427000812;;;CTP_CKV;;;300800;1;0.0130;2;;;;;;;;;;1;7;;20;;;1;2;;;;;;;;;;;;;;;;;;;;;;;;;;;;;;;;;1;;;;;;;;;;;;;;;;;;;;;;;;;;;;;;;;;;;;;;;;;;;;0;Schuldbewijs;KasBon;BRO_3003;;0;
5;20240331;1;0;15/06/2016;15/06/2016;;15/06/2025;;;GRP_908401032797;CTP_ING;;PROGRESS 600SEC;POS_BER000045PI5;;CON_908401032797;;;CTP_CKV;;;300800;1;0.0110;2;;;;;;;;;;1;7;;20;;;1;2;;;;;;;;;;;;;;;;;;;;;;;;;;;;;;;;;1;;;;;;;;;;;;;;;;;;;;;;;;;;;;;;;;;;;;;;;;;;;;0;Schuldbewijs;KasBon;BRO_3003;;0;
