STATUS;VALID_ON;LOT_TYPE_FK;TYP_ENTRY_TYPE;IDE_GL_REF;IDE_GL_DETAIL_REF;IDE_GL_ENTITY_REF;IDE_INTERNAL_PARTY_REF;IDE_SOURCESYS_REF;IDE_COUNTERPARTY_REF;IDE_CONTRACT_REF;IDE_ISSUER_REF;PRD_PRODUCT;DTE_MATURITY;TYP_AL_INDICATOR;TYP_FIDUCIARY_SERV;TYP_MANAGED_ASSET;TYP_RISK_QUAL_INDIC;TYP_THIRDPARTY_INDIC;TYP_PORTFOLIO;TYP_QUALIFYING;TYP_LEASING_TYPE;TYP_TANGIBLE_ASSETS;AUDIT_INFO;DTE_DEAL;DTE_SETTLEMENT;DTE_NEXT_INT_FIX;DTE_PERFORMING_REVISION;IDE_SERVICER_REF;IDE_TRANSFEREE_REF;IDE_TRANSFEROR_REF;RTE_AAR_INTEREST;RTE_NDER_INTEREST;PER_TRANSFERRED;TYP_ASSESSMENT;TYP_CONTINUING_INV;TYP_EARLY_REPAYMENT;TYP_IMPAIRMENT;TYP_INT_REFIX_FREQ;TYP_INTEREST_RATE;TYP_NON_PERFORMING;TYP_PORTFOLIO_IFRS9;TYP_PURPOSE;TYP_RECOGNIZED;TYP_RESTRUCTURED;TYP_SECURITISATION;TYP_SUBORDINATION;QUA_REIMBURS_FREQ;TYP_AC_EXEMPT;TYP_STRESS_WITHDRAWAL;TYP_OPERATIONALLY_LIQ;TYP_LIQ_AVAILABILITY;TYP_LIQ_MANAGEMENT;TYP_ALLOCATED_BASIS;TYP_MKT_CONCENTRATION;TYP_LISTED;TYP_LCR_ASSET;PER_LCR;TYP_INFLOW_CAP;DTE_INT_START;TYP_INTEREST_PAY_FREQUENCY;PER_COLL_HCT_ECB;TYP_OBLIGATED_INV;TYP_EXCLUDE_LCR;IDE_IBNR_PTF_REF;TYP_IMPAIRMENT_OPEN;IDE_PTF_REF;PRD_INSURANCE;TYP_CENTRAL_ADMIN;TYP_CUSTODY_ASSET;TYP_DISTRIBUTION_SERV;TYP_FAIRV_ASSESS;TYP_FV_OPTION;TYP_IFRS_VAL_METHOD;TYP_INTANGIBLE;TYP_OCI_PL_RECLASS;TYP_PAYMENT_SERV;TYP_PLEDGED;TYP_PROBATION;TYP_SEPARATED_CONTRACT;TYP_WRITE_OFF;TYP_DATED;TYP_EMERGEN_CONVERT;TYP_GRANDFATHERED;TYP_INCENT_TO_REDEEM;MAT_REMAINING;TYP_ELIGIBILITY_FUND;TYP_UNRESTRICTED_USE;TYP_DEDUCTION;TYP_MATERIAL_LOSS;TYP_DEFERRED_TAX;TYP_TRANS_CAP_ADJS;TYP_LOCAL_FUNDING
5;20231231;1;0;GEL_1111100;0;0;CTP_CKV;PROGRESS 700GL;CTP_CKV;CTP_CKV;;110100;;1;;;1;;;;;;Kas;;;;;;;;;;;;;;;;;;;;;;;;;;;;;;;;;;;;;;;;;;;;;;;;;;;;;;;;;;;;;;;;;0;;;;
5;20231231;1;0;GEL_1112100;0;0;CTP_CKV;PROGRESS 700GL;CTP_AGENT;CTP_CKV;;110100;;1;;;1;;;;;;Tegoeden gevolmachtigde agenten;;;;;;;;;;;;;;;;;;;;;;;;;;;;;;;;;;;;;;;;;;;;;;;;;;;;;;;;;;;;;;;;;0;;;;
5;20231231;1;0;GEL_1112101;0;0;CTP_CKV;PROGRESS 700GL;CTP_AGENT;CTP_CKV;;110100;;1;;;1;;;;;;Tegoeden gevolmachtigde agenten - kluis;;;;;;;;;;;;;;;;;;;;;;;;;;;;;;;;;;;;;;;;;;;;;;;;;;;;;;;;;;;;;;;;;0;;;;
5;20231231;1;0;GEL_1112200;0;0;CTP_CKV;PROGRESS 700GL;CTP_AGENT;CTP_CKV;;110100;;1;;;1;;;;;;Provisies gevolmachtigde agenten;;;;;;;;;;;;;;;;;;;;;;;;;;;;;;;;;;;;;;;;;;;;;;;;;;;;;;;;;;;;;;;;;0;;;;
5;20231231;1;0;GEL_1112300;0;0;CTP_CKV;PROGRESS 700GL;CTP_AGENT;CTP_CKV;;110100;;1;;;1;;;;;;Kasverschillen gevolmachtigde agenten;;;;;;;;;;;;;;;;;;;;;;;;;;;;;;;;;;;;;;;;;;;;;;;;;;;;;;;;;;;;;;;;;0;;;;
5;20231231;1;0;GEL_1112900;0;0;CTP_CKV;PROGRESS 700GL;CTP_AGENT;CTP_CKV;;110100;;1;;;1;;;;;;Bewegingen fondsen gev. agenten;;;;;;;;;;;;;;;;;;;;;;;;;;;;;;;;;;;;;;;;;;;;;;;;;;;;;;;;;;;;;;;;;0;;;;
5;20231231;1;0;GEL_1112910;0;0;CTP_CKV;PROGRESS 700GL;CTP_AGENT;CTP_CKV;;110100;;1;;;1;;;;;;Fondsen overschrijvingen gev. agenten;;;;;;;;;;;;;;;;;;;;;;;;;;;;;;;;;;;;;;;;;;;;;;;;;;;;;;;;;;;;;;;;;0;;;;
5;20231231;1;0;GEL_1114100;0;0;CTP_CKV;PROGRESS 700GL;CTP_Bank van de Post;CTP_CKV;;110401;;1;;;1;;;;;;Bank van de Post Goffin;;;;;;;;;;;;;;;;;;;;;;;;;;;;;;;;;;;;;;;;;;;;;;;;;;;;;;;;;;;;;;;;;0;;;;
5;20231231;1;0;GEL_1114200;0;0;CTP_CKV;PROGRESS 700GL;CTP_Bank van de Post;CTP_CKV;;110401;;1;;;1;;;;;;Bank van de Post Aalst;;;;;;;;;;;;;;;;;;;;;;;;;;;;;;;;;;;;;;;;;;;;;;;;;;;;;;;;;;;;;;;;;0;;;;
5;20231231;1;0;GEL_1114300;0;0;CTP_CKV;PROGRESS 700GL;CTP_Bank van de Post;CTP_CKV;;110401;;1;;;1;;;;;;Bank van de Post Ieper;;;;;;;;;;;;;;;;;;;;;;;;;;;;;;;;;;;;;;;;;;;;;;;;;;;;;;;;;;;;;;;;;0;;;;
5;20231231;1;0;GEL_1222100;0;0;CTP_CKV;PROGRESS 700GL;CTP_CKV;CTP_CKV;;140300;;1;;;1;;;;;;Agenten/Makelaars met debetsaldo;;;;;;;;;;;;;;;;;;;;;;;;;;;;;;;;;;;;;;;;;;;;;;;;;;;;;;;;;;;;;;;;;0;;;;
5;20231231;1;0;GEL_1222110;0;0;CTP_CKV;PROGRESS 700GL;CTP_CKV;CTP_CKV;;140300;;1;;;1;;;;;;Kasverschillen;;;;;;;;;;;;;;;;;;;;;;;;;;;;;;;;;;;;;;;;;;;;;;;;;;;;;;;;;;;;;;;;;0;;;;
5;20231231;1;0;GEL_1222310;0;0;CTP_CKV;PROGRESS 700GL;CTP_CKV;CTP_CKV;;140300;;1;;;1;;;;;;LOA toegestaan maar zonder contract;;;;;;;;;;;;;;;;;;;;;;;;;;;;;;;;;;;;;;;;;;;;;;;;;;;;;;;;;;;;;;;;;0;;;;
5;20231231;1;0;GEL_1222311;0;0;CTP_CKV;PROGRESS 700GL;CTP_CKV;CTP_CKV;;140300;;1;;;1;;;;;;LOA provisie;;;;;;;;;;;;;;;;;;;;;;;;;;;;;;;;;;;;;;;;;;;;;;;;;;;;;;;;;;;;;;;;;0;;;;
5;20231231;1;0;GEL_1222320;0;0;CTP_CKV;PROGRESS 700GL;CTP_CKV;CTP_CKV;;140300;;1;;;1;;;;;;HL toegestaan maar zonder akte;;;;;;;;;;;;;;;;;;;;;;;;;;;;;;;;;;;;;;;;;;;;;;;;;;;;;;;;;;;;;;;;;0;;;;
5;20231231;1;0;GEL_1222330;0;0;CTP_CKV;PROGRESS 700GL;CTP_CKV;CTP_CKV;;140300;;1;;;1;;;;;;LOT toegestaan maar zonder akte;;;;;;;;;;;;;;;;;;;;;;;;;;;;;;;;;;;;;;;;;;;;;;;;;;;;;;;;;;;;;;;;;0;;;;
5;20231231;1;0;GEL_1222610;0;0;CTP_CKV;PROGRESS 700GL;CTP_CKV;CTP_CKV;;140300;;1;;;1;;;;;;Diverse debiteuren;;;;;;;;;;;;;;;;;;;;;;;;;;;;;;;;;;;;;;;;;;;;;;;;;;;;;;;;;;;;;;;;;0;;;;
5;20231231;1;0;GEL_1222620;0;0;CTP_CKV;PROGRESS 700GL;CTP_CKV;CTP_CKV;;140300;;1;;;1;;;;;;Waarborgen leveranciers;;;;;;;;;;;;;;;;;;;;;;;;;;;;;;;;;;;;;;;;;;;;;;;;;;;;;;;;;;;;;;;;;0;;;;
5;20231231;1;0;GEL_1222630;0;0;CTP_CKV;PROGRESS 700GL;CTP_CKV;CTP_CKV;;140300;;1;;;1;;;;;;R/C BTW eenheid;;;;;;;;;;;;;;;;;;;;;;;;;;;;;;;;;;;;;;;;;;;;;;;;;;;;;;;;;;;;;;;;;0;;;;
5;20231231;1;0;GEL_1222640;0;0;CTP_CKV;PROGRESS 700GL;CTP_CKV;CTP_CKV;;140300;;1;;;1;;;;;;Klanten Exact;;;;;;;;;;;;;;;;;;;;;;;;;;;;;;;;;;;;;;;;;;;;;;;;;;;;;;;;;;;;;;;;;0;;;;
5;20231231;1;0;GEL_1431000;0;0;CTP_CKV;PROGRESS 700GL;CTP_FODFINANCIEN;CTP_CKV;;140501;;1;;;1;;;;;;Voorschotten op belastingen;;;;;;;;;;;;;;;;;;;;;;;;;;;;;;;;;;;;;;;;;;;;;;;;;;;;;;;;;;;;;;;;;0;;;;
5;20231231;1;0;GEL_1431100;0;0;CTP_CKV;PROGRESS 700GL;CTP_FODFINANCIEN;CTP_CKV;;140501;;1;;;1;;;;;;Terug te vorderen belastingen;;;;;;;;;;;;;;;;;;;;;;;;;;;;;;;;;;;;;;;;;;;;;;;;;;;;;;;;;;;;;;;;;0;;;;
5;20231231;1;0;GEL_1431101;0;0;CTP_CKV;PROGRESS 700GL;CTP_FODFINANCIEN;CTP_CKV;;140501;;1;;;1;;;;;;Te recup rv beleggingsportefeuille;;;;;;;;;;;;;;;;;;;;;;;;;;;;;;;;;;;;;;;;;;;;;;;;;;;;;;;;;;;;;;;;;0;;;;
5;20231231;1;0;GEL_1431102;0;0;CTP_CKV;PROGRESS 700GL;CTP_FODFINANCIEN;CTP_CKV;;140501;;1;;;1;;;;;;Te recup BTW;;;;;;;;;;;;;;;;;;;;;;;;;;;;;;;;;;;;;;;;;;;;;;;;;;;;;;;;;;;;;;;;;0;;;;
5;20231231;1;0;GEL_1431103;0;0;CTP_CKV;PROGRESS 700GL;CTP_FODFINANCIEN;CTP_CKV;;140501;;1;;;1;;;;;;Voorschotten RSZ;;;;;;;;;;;;;;;;;;;;;;;;;;;;;;;;;;;;;;;;;;;;;;;;;;;;;;;;;;;;;;;;;0;;;;
5;20231231;1;0;GEL_1432000;0;0;CTP_CKV;PROGRESS 700GL;CTP_FODFINANCIEN;CTP_CKV;;140501;;1;;;1;;;;;;Voorraad maaltijdcheques;;;;;;;;;;;;;;;;;;;;;;;;;;;;;;;;;;;;;;;;;;;;;;;;;;;;;;;;;;;;;;;;;0;;;;
5;20231231;1;0;GEL_1433000;0;0;CTP_CKV;PROGRESS 700GL;CTP_FODFINANCIEN;CTP_CKV;;140501;;1;;;1;;;;;;Fiscale zegels;;;;;;;;;;;;;;;;;;;;;;;;;;;;;;;;;;;;;;;;;;;;;;;;;;;;;;;;;;;;;;;;;0;;;;
5;20231231;1;0;GEL_1434000;0;0;CTP_CKV;PROGRESS 700GL;CTP_FODFINANCIEN;CTP_CKV;;140501;;1;;;1;;;;;;Voorraad opleidingcheques;;;;;;;;;;;;;;;;;;;;;;;;;;;;;;;;;;;;;;;;;;;;;;;;;;;;;;;;;;;;;;;;;0;;;;
5;20231231;1;0;GEL_1435000;0;0;CTP_CKV;PROGRESS 700GL;CTP_FODFINANCIEN;CTP_CKV;;140501;;1;;;1;;;;;;Interim-dividend;;;;;;;;;;;;;;;;;;;;;;;;;;;;;;;;;;;;;;;;;;;;;;;;;;;;;;;;;;;;;;;;;0;;;;
5;20231231;1;0;GEL_1436000;0;0;CTP_CKV;PROGRESS 700GL;CTP_FODFINANCIEN;CTP_CKV;;140501;;1;;;1;;;;;;Taxshelter;;;;;;;;;;;;;;;;;;;;;;;;;;;;;;;;;;;;;;;;;;;;;;;;;;;;;;;;;;;;;;;;;0;;;;
5;20231231;1;0;GEL_1511100;0;0;CTP_CKV;PROGRESS 700GL;CTP_CKV;CTP_CKV;;170102;;1;;;4;;;;;;Oninbaar en dubieus ontleend kapitaal;;;;;;;;;;;2;;;;;;;;;;;;;;;;;;;;;;;;;;;;;;;;;;;;;;;;;;;;;;;;;;;;;;0;;;;
5;20231231;1;0;GEL_1511120;0;0;CTP_CKV;PROGRESS 700GL;CTP_CKV;CTP_CKV;;170102;;1;;;4;;;;;;Overdacht NPL Stater naar CKV;;;;;;;;;;;2;;;;;;;;;;;;;;;;;;;;;;;;;;;;;;;;;;;;;;;;;;;;;;;;;;;;;;0;;;;
5;20231231;1;0;GEL_1511170;0;0;CTP_CKV;PROGRESS 700GL;CTP_CKV;CTP_CKV;;170102;;1;;;4;;;;;;Oninbaar en dubieus waardeverminderingen;;;;;;;;;;;2;;;;;;;;;;;;;;;;;;;;;;;;;;;;;;;;;;;;;;;;;;;;;;;;;;;;;;0;;;;
5;20231231;1;0;GEL_1610000;0;0;CTP_CKV;PROGRESS 700GL;CTP_CKV;CTP_CKV;;141700;;1;;;1;;;;;;Over te dragen kosten;;;;;;;;;;;;;;;;;;;;;;;;;;;;;;;;;;;;;;;;;;;;;;;;;;;;;;;;;;;;;;;;;0;;;;
5;20231231;1;0;GEL_1611000;0;0;CTP_CKV;PROGRESS 700GL;CTP_CKV;CTP_CKV;;141700;;1;;;1;;;;;;Vooruitbetaalden verzekeringspremies;;;;;;;;;;;;;;;;;;;;;;;;;;;;;;;;;;;;;;;;;;;;;;;;;;;;;;;;;;;;;;;;;0;;;;
5;20231231;1;0;GEL_1624000;0;0;CTP_CKV;PROGRESS 700GL;CTP_BELFIUS;CTP_CKV;;140101;;1;;;1;;;;;;Prorata intresten termijnplaatsingen;;;;;;;;;;;;;;;;;;;;;;;;;;;;;;;;;;;;;;;;;;;;;;;;;;;;;;;;;;;;;;;;;0;;;;
5;20231231;1;0;GEL_1714400;0;0;CTP_CKV;PROGRESS 700GL;CTP_CKV;CTP_CKV;;170459;;1;;;1;;;;;;Neergelegde waarborgen;;;;;;;;;;;;;;;;;;;;;;;;;;;;;;;;;;;;;;;;;;;;;;;;;;;;;;;;;;;;;;;;;0;;;;
5;20231231;1;0;GEL_1721110;0;0;CTP_CKV;PROGRESS 700GL;CTP_CKV;CTP_CKV;;120100;;1;;;1;;;;;;Gebouw;;;;;;;;;;;;;;;;;;;;;;;;;;;;;;;;;;;;;;;;;;;;;;;;;;;;;;;;;;;;;;;;;0;;;;
5;20231231;1;0;GEL_1721119;0;0;CTP_CKV;PROGRESS 700GL;CTP_CKV;CTP_CKV;;120100;;1;;;1;;;;;;Gebouw, afschrijvingen;;;;;;;;;;;;;;;;;;;;;;;;;;;;;;;;;;;;;;;;;;;;;;;;;;;;;;;;;;;;;;;;;0;;;;
5;20231231;1;0;GEL_1721140;0;0;CTP_CKV;PROGRESS 700GL;CTP_CKV;CTP_CKV;;120100;;1;;;1;;;;;;Gebouw Waregem, Mannebeekstraat;;;;;;;;;;;;;;;;;;;;;;;;;;;;;;;;;;;;;;;;;;;;;;;;;;;;;;;;;;;;;;;;;0;;;;
5;20231231;1;0;GEL_1721148;0;0;CTP_CKV;PROGRESS 700GL;CTP_CKV;CTP_CKV;;120100;;1;;;1;;;;;;Gebouw Waregem, waardevermindering;;;;;;;;;;;;;;;;;;;;;;;;;;;;;;;;;;;;;;;;;;;;;;;;;;;;;;;;;;;;;;;;;0;;;;
5;20231231;1;0;GEL_1721149;0;0;CTP_CKV;PROGRESS 700GL;CTP_CKV;CTP_CKV;;120100;;1;;;1;;;;;;Gebouw Waregem, afschrijvingen;;;;;;;;;;;;;;;;;;;;;;;;;;;;;;;;;;;;;;;;;;;;;;;;;;;;;;;;;;;;;;;;;0;;;;
5;20231231;1;0;GEL_1721150;0;0;CTP_CKV;PROGRESS 700GL;CTP_CKV;CTP_CKV;;120100;;1;;;1;;;;;;Inrichting gebouw Mannebeekstraat;;;;;;;;;;;;;;;;;;;;;;;;;;;;;;;;;;;;;;;;;;;;;;;;;;;;;;;;;;;;;;;;;0;;;;
5;20231231;1;0;GEL_1721159;0;0;CTP_CKV;PROGRESS 700GL;CTP_CKV;CTP_CKV;;120100;;1;;;1;;;;;;Inrichting gebouw Mannebeekstraat - afschrijving;;;;;;;;;;;;;;;;;;;;;;;;;;;;;;;;;;;;;;;;;;;;;;;;;;;;;;;;;;;;;;;;;0;;;;
5;20231231;1;0;GEL_1722000;0;0;CTP_CKV;PROGRESS 700GL;CTP_CKV;CTP_CKV;;120614;;1;;;1;;;;;;Materieel en meubilair;;;;;;;;;;;;;;;;;;;;;;;;;;;;;;;;;;;;;;;;;;;;;;;;;;;;;;;;;;;;;;;;;0;;;;
5;20231231;1;0;GEL_1722009;0;0;CTP_CKV;PROGRESS 700GL;CTP_CKV;CTP_CKV;;120614;;1;;;1;;;;;;Materieel en meubilair, afschrijvingen;;;;;;;;;;;;;;;;;;;;;;;;;;;;;;;;;;;;;;;;;;;;;;;;;;;;;;;;;;;;;;;;;0;;;;
5;20231231;1;0;GEL_1722100;0;0;CTP_CKV;PROGRESS 700GL;CTP_CKV;CTP_CKV;;120614;;1;;;1;;;;;;Inrichting;;;;;;;;;;;;;;;;;;;;;;;;;;;;;;;;;;;;;;;;;;;;;;;;;;;;;;;;;;;;;;;;;0;;;;
5;20231231;1;0;GEL_1722109;0;0;CTP_CKV;PROGRESS 700GL;CTP_CKV;CTP_CKV;;120614;;1;;;1;;;;;;Inrichting, afschrijvingen;;;;;;;;;;;;;;;;;;;;;;;;;;;;;;;;;;;;;;;;;;;;;;;;;;;;;;;;;;;;;;;;;0;;;;
5;20231231;1;0;GEL_1724100;0;0;CTP_CKV;PROGRESS 700GL;CTP_CKV;CTP_CKV;;120000;;1;;;1;;;;;;Inrichting gehuurde gebouwen;;;;;;;;;;;;;;;;;;;;;;;;;;;;;;;;;;;;;;;;;;;;;;;;;;;;;;;;;;;;;;;;;0;;;;
5;20231231;1;0;GEL_1724109;0;0;CTP_CKV;PROGRESS 700GL;CTP_CKV;CTP_CKV;;120000;;1;;;1;;;;;;Inrichting gehuurde gebouwen, afschrijvingen;;;;;;;;;;;;;;;;;;;;;;;;;;;;;;;;;;;;;;;;;;;;;;;;;;;;;;;;;;;;;;;;;0;;;;
5;20231231;1;0;GEL_1724200;0;0;CTP_CKV;PROGRESS 700GL;CTP_CKV;CTP_CKV;;120204;;1;;;1;;;;;;Andere materiele vaste activa;;;;;;;;;;;;;;;;;;;;;;;;;;;;;;;;;;;;;;;;;;;;;;;;;;;;;;;;;;;;;;;;;0;;;;
5;20231231;1;0;GEL_1724209;0;0;CTP_CKV;PROGRESS 700GL;CTP_CKV;CTP_CKV;;120204;;1;;;1;;;;;;Andere materiele vaste activa, afschrijvingen;;;;;;;;;;;;;;;;;;;;;;;;;;;;;;;;;;;;;;;;;;;;;;;;;;;;;;;;;;;;;;;;;0;;;;
5;20231231;1;0;GEL_1741000;0;0;CTP_CKV;PROGRESS 700GL;CTP_CKV;CTP_CKV;;130300;;1;;;1;;;;;;Geactiveerde kosten software;;;;;;;;;;;;;;;;;;;;;;;;;;;;;;;;;;;;;;;;;;;;;;;;;;;;;;;;;;;;;;;;;5;;;;
5;20231231;1;0;GEL_1741009;0;0;CTP_CKV;PROGRESS 700GL;CTP_CKV;CTP_CKV;;130300;;1;;;1;;;;;;Afschrijvingen op geactiveerde kosten software;;;;;;;;;;;;;;;;;;;;;;;;;;;;;;;;;;;;;;;;;;;;;;;;;;;;;;;;;;;;;;;;;5;;;;
5;20231231;1;0;GEL_1741010;0;0;CTP_CKV;PROGRESS 700GL;CTP_CKV;CTP_CKV;;130300;;1;;;1;;;;;;Agio BBVA;;;;;;;;;;;;;;;;;;;;;;;;;;;;;;;;;;;;;;;;;;;;;;;;;;;;;;;;;;;;;;;;;5;;;;
5;20231231;1;0;GEL_1741019;0;0;CTP_CKV;PROGRESS 700GL;CTP_CKV;CTP_CKV;;130300;;1;;;1;;;;;;Afschrijvingen op Agio BBVA;;;;;;;;;;;;;;;;;;;;;;;;;;;;;;;;;;;;;;;;;;;;;;;;;;;;;;;;;;;;;;;;;5;;;;
5;20231231;1;0;GEL_1741020;0;0;CTP_CKV;PROGRESS 700GL;CTP_CKV;CTP_CKV;;130300;;1;;;1;;;;;;Geactiveerde kosten Krug;;;;;;;;;;;;;;;;;;;;;;;;;;;;;;;;;;;;;;;;;;;;;;;;;;;;;;;;;;;;;;;;;5;;;;
5;20231231;1;0;GEL_1741029;0;0;CTP_CKV;PROGRESS 700GL;CTP_CKV;CTP_CKV;;130300;;1;;;1;;;;;;Afschrijving op geactiveerde kosten Krug;;;;;;;;;;;;;;;;;;;;;;;;;;;;;;;;;;;;;;;;;;;;;;;;;;;;;;;;;;;;;;;;;5;;;;
5;20231231;1;0;GEL_1741030;0;0;CTP_CKV;PROGRESS 700GL;CTP_CKV;CTP_CKV;;130300;;1;;;1;;;;;;Agio Krug;;;;;;;;;;;;;;;;;;;;;;;;;;;;;;;;;;;;;;;;;;;;;;;;;;;;;;;;;;;;;;;;;5;;;;
5;20231231;1;0;GEL_1741039;0;0;CTP_CKV;PROGRESS 700GL;CTP_CKV;CTP_CKV;;130300;;1;;;1;;;;;;Afschrijvingen op agio Krug;;;;;;;;;;;;;;;;;;;;;;;;;;;;;;;;;;;;;;;;;;;;;;;;;;;;;;;;;;;;;;;;;5;;;;
5;20231231;1;0;GEL_1741040;0;0;CTP_CKV;PROGRESS 700GL;CTP_CKV;CTP_CKV;;130300;;1;;;1;;;;;;Geactiveerde kosten BBVA;;;;;;;;;;;;;;;;;;;;;;;;;;;;;;;;;;;;;;;;;;;;;;;;;;;;;;;;;;;;;;;;;5;;;;
5;20231231;1;0;GEL_1741049;0;0;CTP_CKV;PROGRESS 700GL;CTP_CKV;CTP_CKV;;130300;;1;;;1;;;;;;Afschrijving geactiveerde kosten BBVA;;;;;;;;;;;;;;;;;;;;;;;;;;;;;;;;;;;;;;;;;;;;;;;;;;;;;;;;;;;;;;;;;5;;;;
5;20231231;1;0;GEL_1742000;0;0;CTP_CKV;PROGRESS 700GL;CTP_CKV;CTP_CKV;;130100;;1;;;1;;;;;;Goodwill;;;;;;;;;;;;;;;;;;;;;;;;;;;;;;;;;;;;;;;;;;;;;;;;;;;;;;;;;;;;;;;;;5;;;;
5;20231231;1;0;GEL_1742009;0;0;CTP_CKV;PROGRESS 700GL;CTP_CKV;CTP_CKV;;130100;;1;;;1;;;;;;Afschrijvingen op Goodwill;;;;;;;;;;;;;;;;;;;;;;;;;;;;;;;;;;;;;;;;;;;;;;;;;;;;;;;;;;;;;;;;;5;;;;
5;20231231;1;0;GEL_2218000;0;0;CTP_CKV;PROGRESS 700GL;CTP_CKV;CTP_CKV;;160303;;2;;;1;;;;;;Depositogarantie;;;;;;;;;;;;;;;;;;;;;;;;;;;;;;;;;;;;;;;;;;;;;;;;;;;;;;;;;;;;;;;;;0;;;;
5;20231231;1;0;GEL_2223121;0;0;CTP_CKV;PROGRESS 700GL;CTP_CKV;CTP_CKV;;151250;31/12/2023;2;;;1;;;;;;Vervallen effecten op naam;;;;;;;;;;;;;;;;;;;;;;;;;;;;;;;;;;;;;;;;;;;;;;;;;;;;;;;;;;;;;;;;;0;;;;
5;20231231;1;0;GEL_2223122;0;0;CTP_CKV;PROGRESS 700GL;CTP_CKV;CTP_CKV;;151250;31/12/2023;2;;;1;;;;;;Vervallen effecten aan toonder;;;;;;;;;;;;;;;;;;;;;;;;;;;;;;;;;;;;;;;;;;;;;;;;;;;;;;;;;;;;;;;;;0;;;;
5;20231231;1;0;GEL_2223123;0;0;CTP_CKV;PROGRESS 700GL;CTP_CKV;CTP_CKV;;151250;31/12/2023;2;;;1;;;;;;Vervallen bons HVV;;;;;;;;;;;;;;;;;;;;;;;;;;;;;;;;;;;;;;;;;;;;;;;;;;;;;;;;;;;;;;;;;0;;;;
5;20231231;1;0;GEL_2223124;0;0;CTP_CKV;PROGRESS 700GL;CTP_CKV;CTP_CKV;;151250;31/12/2023;2;;;1;;;;;;Vervallen effecten- transit gev. agent;;;;;;;;;;;;;;;;;;;;;;;;;;;;;;;;;;;;;;;;;;;;;;;;;;;;;;;;;;;;;;;;;0;;;;
5;20231231;1;0;GEL_2223125;0;0;CTP_CKV;PROGRESS 700GL;CTP_CKV;CTP_CKV;;151250;31/12/2023;2;;;1;;;;;;Vervallen gedematerialiseerde depositobewijzen;;;;;;;;;;;;;;;;;;;;;;;;;;;;;;;;;;;;;;;;;;;;;;;;;;;;;;;;;;;;;;;;;0;;;;
5;20231231;1;0;GEL_2223130;0;0;CTP_CKV;PROGRESS 700GL;CTP_CKV;CTP_CKV;;151250;31/12/2023;2;;;1;;;;;;Vervallen coupons kasbons;;;;;;;;;;;;;;;;;;;;;;;;;;;;;;;;;;;;;;;;;;;;;;;;;;;;;;;;;;;;;;;;;0;;;;
5;20231231;1;0;GEL_2223131;0;0;CTP_CKV;PROGRESS 700GL;CTP_CKV;CTP_CKV;;151250;31/12/2023;2;;;1;;;;;;Vervallen coupons HVV;;;;;;;;;;;;;;;;;;;;;;;;;;;;;;;;;;;;;;;;;;;;;;;;;;;;;;;;;;;;;;;;;0;;;;
5;20231231;1;0;GEL_2223132;0;0;CTP_CKV;PROGRESS 700GL;CTP_CKV;CTP_CKV;;151250;31/12/2023;2;;;1;;;;;;Vervallen coupons gedemat. depositobewijzen;;;;;;;;;;;;;;;;;;;;;;;;;;;;;;;;;;;;;;;;;;;;;;;;;;;;;;;;;;;;;;;;;0;;;;
5;20231231;1;0;GEL_2223135;0;0;CTP_CKV;PROGRESS 700GL;CTP_CKV;CTP_CKV;;151250;31/12/2023;2;;;1;;;;;;Vervallen coupons groeibons op eindvervaldag;;;;;;;;;;;;;;;;;;;;;;;;;;;;;;;;;;;;;;;;;;;;;;;;;;;;;;;;;;;;;;;;;0;;;;
5;20231231;1;0;GEL_2223136;0;0;CTP_CKV;PROGRESS 700GL;CTP_CKV;CTP_CKV;;151250;31/12/2023;2;;;1;;;;;;Vooruitbetaalde gewone cps;;;;;;;;;;;;;;;;;;;;;;;;;;;;;;;;;;;;;;;;;;;;;;;;;;;;;;;;;;;;;;;;;0;;;;
5;20231231;1;0;GEL_2223137;0;0;CTP_CKV;PROGRESS 700GL;CTP_CKV;CTP_CKV;;151250;31/12/2023;2;;;1;;;;;;Te betalen interesten Mbanq;;;;;;;;;;;;;;;;;;;;;;;;;;;;;;;;;;;;;;;;;;;;;;;;;;;;;;;;;;;;;;;;;0;;;;
5;20231231;1;0;GEL_2223151;0;0;CTP_CKV;PROGRESS 700GL;CTP_CKV;CTP_CKV;;151250;31/12/2023;2;;;1;;;;;;Agenten;;;;;;;;;;;;;;;;;;;;;;;;;;;;;;;;;;;;;;;;;;;;;;;;;;;;;;;;;;;;;;;;;0;;;;
5;20231231;1;0;GEL_2223152;0;0;CTP_CKV;PROGRESS 700GL;CTP_CKV;CTP_CKV;;151250;31/12/2023;2;;;1;;;;;;Verv. cpns groeibons- transit gev. agent;;;;;;;;;;;;;;;;;;;;;;;;;;;;;;;;;;;;;;;;;;;;;;;;;;;;;;;;;;;;;;;;;0;;;;
5;20231231;1;0;GEL_2223153;0;0;CTP_CKV;PROGRESS 700GL;CTP_CKV;CTP_CKV;;151250;31/12/2023;2;;;1;;;;;;Verv. cpns andere- transit gev. agent;;;;;;;;;;;;;;;;;;;;;;;;;;;;;;;;;;;;;;;;;;;;;;;;;;;;;;;;;;;;;;;;;0;;;;
5;20231231;1;0;GEL_2223161;0;0;CTP_CKV;PROGRESS 700GL;CTP_CKV;CTP_CKV;;151250;31/12/2023;2;;;1;;;;;;LOA voorstanden;;;;;;;;;;;;;;;;;;;;;;;;;;;;;;;;;;;;;;;;;;;;;;;;;;;;;;;;;;;;;;;;;0;;;;
5;20231231;1;0;GEL_2223162;0;0;CTP_CKV;PROGRESS 700GL;CTP_CKV;CTP_CKV;;151250;31/12/2023;2;;;1;;;;;;HL overschotten;;;;;;;;;;;;;;;;;;;;;;;;;;;;;;;;;;;;;;;;;;;;;;;;;;;;;;;;;;;;;;;;;0;;;;
5;20231231;1;0;GEL_2223163;0;0;CTP_CKV;PROGRESS 700GL;CTP_CKV;CTP_CKV;;151250;31/12/2023;2;;;1;;;;;;LOT overschotten;;;;;;;;;;;;;;;;;;;;;;;;;;;;;;;;;;;;;;;;;;;;;;;;;;;;;;;;;;;;;;;;;0;;;;
5;20231231;1;0;GEL_2223164;0;0;CTP_CKV;PROGRESS 700GL;CTP_CKV;CTP_CKV;;151250;31/12/2023;2;;;1;;;;;;WHK Stater bonussen;;;;;;;;;;;;;;;;;;;;;;;;;;;;;;;;;;;;;;;;;;;;;;;;;;;;;;;;;;;;;;;;;0;;;;
5;20231231;1;0;GEL_2223165;0;0;CTP_CKV;PROGRESS 700GL;CTP_CKV;CTP_CKV;;151250;31/12/2023;2;;;1;;;;;;LOT Stater bonussen;;;;;;;;;;;;;;;;;;;;;;;;;;;;;;;;;;;;;;;;;;;;;;;;;;;;;;;;;;;;;;;;;0;;;;
5;20231231;1;0;GEL_2223170;0;0;CTP_CKV;PROGRESS 700GL;CTP_CKV;CTP_CKV;;151250;31/12/2023;2;;;1;;;;;;Uitgeschreven cheques;;;;;;;;;;;;;;;;;;;;;;;;;;;;;;;;;;;;;;;;;;;;;;;;;;;;;;;;;;;;;;;;;0;;;;
5;20231231;1;0;GEL_2223171;0;0;CTP_CKV;PROGRESS 700GL;CTP_CKV;CTP_CKV;;151250;31/12/2023;2;;;1;;;;;;Uitgeschreven cheques gevolmachtigde agenten;;;;;;;;;;;;;;;;;;;;;;;;;;;;;;;;;;;;;;;;;;;;;;;;;;;;;;;;;;;;;;;;;0;;;;
5;20231231;1;0;GEL_2223172;0;0;CTP_CKV;PROGRESS 700GL;CTP_CKV;CTP_CKV;;151250;31/12/2023;2;;;1;;;;;;Uit te betalen LOA's;;;;;;;;;;;;;;;;;;;;;;;;;;;;;;;;;;;;;;;;;;;;;;;;;;;;;;;;;;;;;;;;;0;;;;
5;20231231;1;0;GEL_2223173;0;0;CTP_CKV;PROGRESS 700GL;CTP_CKV;CTP_CKV;;151250;31/12/2023;2;;;1;;;;;;Uit te betalen HL/LOT;;;;;;;;;;;;;;;;;;;;;;;;;;;;;;;;;;;;;;;;;;;;;;;;;;;;;;;;;;;;;;;;;0;;;;
5;20231231;1;0;GEL_2223174;0;0;CTP_CKV;PROGRESS 700GL;CTP_CKV;CTP_CKV;;151250;31/12/2023;2;;;1;;;;;;Uit te betalen kredieten;;;;;;;;;;;;;;;;;;;;;;;;;;;;;;;;;;;;;;;;;;;;;;;;;;;;;;;;;;;;;;;;;0;;;;
5;20231231;1;0;GEL_2223300;0;0;CTP_CKV;PROGRESS 700GL;CTP_CKV;CTP_CKV;;151250;;2;;;1;;;;;;Kasbons in bestelling;;;;;;;;;;;;;;;;;;;;;;;;;;;;;;;;;;;;;;;;;;;;;;;;;;;;;;;;;;;;;;;;;0;;;;
5;20231231;1;0;GEL_2223310;0;0;CTP_CKV;PROGRESS 700GL;CTP_CKV;CTP_CKV;;151250;;2;;;1;;;;;;Kasbons in bestelling- transit gev. agent;;;;;;;;;;;;;;;;;;;;;;;;;;;;;;;;;;;;;;;;;;;;;;;;;;;;;;;;;;;;;;;;;0;;;;
5;20231231;1;0;GEL_2323000;0;0;CTP_CKV;PROGRESS 700GL;CTP_CKV;CTP_CKV;;151278;;2;;;1;;;;;;Gekapitaliseerde coupons;;;;;;;;;;;;;;;;;;;;;;;;;;;;;;;;;;;;;;;;;;;;;;;;;;;;;;;;;;;;;;;;;0;;;;
5;20231231;1;0;GEL_2323010;0;0;CTP_CKV;PROGRESS 700GL;CTP_CKV;CTP_CKV;;151278;;2;;;1;;;;;;Gekap. coupons gedemat. depositobewijzen;;;;;;;;;;;;;;;;;;;;;;;;;;;;;;;;;;;;;;;;;;;;;;;;;;;;;;;;;;;;;;;;;0;;;;
5;20231231;1;0;GEL_2323015;0;0;CTP_CKV;PROGRESS 700GL;CTP_CKV;CTP_CKV;;151278;;2;;;1;;;;;;Vooruitbetaalde groeicoupons (bruto);;;;;;;;;;;;;;;;;;;;;;;;;;;;;;;;;;;;;;;;;;;;;;;;;;;;;;;;;;;;;;;;;0;;;;
5;20231231;1;0;GEL_2411100;0;0;CTP_CKV;PROGRESS 700GL;CTP_CKV;CTP_CKV;;151280;;2;;;1;;;;;;Te betalen Belastingen;;;;;;;;;;;;;;;;;;;;;;;;;;;;;;;;;;;;;;;;;;;;;;;;;;;;;;;;;;;;;;;;;0;;;;
5;20231231;1;0;GEL_2411110;0;0;CTP_CKV;PROGRESS 700GL;CTP_CKV;CTP_CKV;;151280;;2;;;1;;;;;;Te betalen BV;;;;;;;;;;;;;;;;;;;;;;;;;;;;;;;;;;;;;;;;;;;;;;;;;;;;;;;;;;;;;;;;;0;;;;
5;20231231;1;0;GEL_2411200;0;0;CTP_CKV;PROGRESS 700GL;CTP_CKV;CTP_CKV;;151280;;2;;;1;;;;;;Te betalen RV- transit gev. agent;;;;;;;;;;;;;;;;;;;;;;;;;;;;;;;;;;;;;;;;;;;;;;;;;;;;;;;;;;;;;;;;;0;;;;
5;20231231;1;0;GEL_2411210;0;0;CTP_CKV;PROGRESS 700GL;CTP_CKV;CTP_CKV;;151280;;2;;;1;;;;;;Te betalen roerende voorheffing op kasbons;;;;;;;;;;;;;;;;;;;;;;;;;;;;;;;;;;;;;;;;;;;;;;;;;;;;;;;;;;;;;;;;;0;;;;
5;20231231;1;0;GEL_2411211;0;0;CTP_CKV;PROGRESS 700GL;CTP_CKV;CTP_CKV;;151280;;2;;;1;;;;;;Te betalen RV gedemat. depositobewijzen;;;;;;;;;;;;;;;;;;;;;;;;;;;;;;;;;;;;;;;;;;;;;;;;;;;;;;;;;;;;;;;;;0;;;;
5;20231231;1;0;GEL_2411220;0;0;CTP_CKV;PROGRESS 700GL;CTP_CKV;CTP_CKV;;151280;;2;;;1;;;;;;Te betalen roerende voorheffing op groeibons;;;;;;;;;;;;;;;;;;;;;;;;;;;;;;;;;;;;;;;;;;;;;;;;;;;;;;;;;;;;;;;;;0;;;;
5;20231231;1;0;GEL_2411230;0;0;CTP_CKV;PROGRESS 700GL;CTP_CKV;CTP_CKV;;151280;;2;;;1;;;;;;Te betalen RV termijn-/comfortrekeningen;;;;;;;;;;;;;;;;;;;;;;;;;;;;;;;;;;;;;;;;;;;;;;;;;;;;;;;;;;;;;;;;;0;;;;
5;20231231;1;0;GEL_2411240;0;0;CTP_CKV;PROGRESS 700GL;CTP_CKV;CTP_CKV;;151280;;2;;;1;;;;;;Te betalen RV spaarrekeningen;;;;;;;;;;;;;;;;;;;;;;;;;;;;;;;;;;;;;;;;;;;;;;;;;;;;;;;;;;;;;;;;;0;;;;
5;20231231;1;0;GEL_2411250;0;0;CTP_CKV;PROGRESS 700GL;CTP_CKV;CTP_CKV;;151280;;2;;;1;;;;;;Te betalen RV bouwdeposito's;;;;;;;;;;;;;;;;;;;;;;;;;;;;;;;;;;;;;;;;;;;;;;;;;;;;;;;;;;;;;;;;;0;;;;
5;20231231;1;0;GEL_2411260;0;0;CTP_CKV;PROGRESS 700GL;CTP_CKV;CTP_CKV;;151280;;2;;;1;;;;;;Te betalen RV agenten;;;;;;;;;;;;;;;;;;;;;;;;;;;;;;;;;;;;;;;;;;;;;;;;;;;;;;;;;;;;;;;;;0;;;;
5;20231231;1;0;GEL_2411270;0;0;CTP_CKV;PROGRESS 700GL;CTP_CKV;CTP_CKV;;151280;;2;;;1;;;;;;Te betalen RV dividend;;;;;;;;;;;;;;;;;;;;;;;;;;;;;;;;;;;;;;;;;;;;;;;;;;;;;;;;;;;;;;;;;0;;;;
5;20231231;1;0;GEL_2411280;0;0;CTP_CKV;PROGRESS 700GL;CTP_CKV;CTP_CKV;;151280;;2;;;1;;;;;;Te betalen RV Relaxrekeningen;;;;;;;;;;;;;;;;;;;;;;;;;;;;;;;;;;;;;;;;;;;;;;;;;;;;;;;;;;;;;;;;;0;;;;
5;20231231;1;0;GEL_2411290;0;0;CTP_CKV;PROGRESS 700GL;CTP_CKV;CTP_CKV;;151280;;2;;;1;;;;;;Te betalen RV Targetrekeningen;;;;;;;;;;;;;;;;;;;;;;;;;;;;;;;;;;;;;;;;;;;;;;;;;;;;;;;;;;;;;;;;;0;;;;
5;20231231;1;0;GEL_2411291;0;0;CTP_CKV;PROGRESS 700GL;CTP_CKV;CTP_CKV;;151280;;2;;;1;;;;;;Te betalen RV Temporekeningen;;;;;;;;;;;;;;;;;;;;;;;;;;;;;;;;;;;;;;;;;;;;;;;;;;;;;;;;;;;;;;;;;0;;;;
5;20231231;1;0;GEL_2411295;0;0;CTP_CKV;PROGRESS 700GL;CTP_CKV;CTP_CKV;;151280;;2;;;1;;;;;;Te betalen RV Auteursrechten;;;;;;;;;;;;;;;;;;;;;;;;;;;;;;;;;;;;;;;;;;;;;;;;;;;;;;;;;;;;;;;;;0;;;;
5;20231231;1;0;GEL_2411296;0;0;CTP_CKV;PROGRESS 700GL;CTP_CKV;CTP_CKV;;151280;;2;;;1;;;;;;Te betalen solidariteitsbijdrage 4%;;;;;;;;;;;;;;;;;;;;;;;;;;;;;;;;;;;;;;;;;;;;;;;;;;;;;;;;;;;;;;;;;0;;;;
5;20231231;1;0;GEL_2411300;0;0;CTP_CKV;PROGRESS 700GL;CTP_CKV;CTP_CKV;;151280;;2;;;1;;;;;;Te betalen diverse rechten en taksen;;;;;;;;;;;;;;;;;;;;;;;;;;;;;;;;;;;;;;;;;;;;;;;;;;;;;;;;;;;;;;;;;0;;;;
5;20231231;1;0;GEL_2411310;0;0;CTP_CKV;PROGRESS 700GL;CTP_CKV;CTP_CKV;;151280;;2;;;1;;;;;;Te betalen beurstaks;;;;;;;;;;;;;;;;;;;;;;;;;;;;;;;;;;;;;;;;;;;;;;;;;;;;;;;;;;;;;;;;;0;;;;
5;20231231;1;0;GEL_2411320;0;0;CTP_CKV;PROGRESS 700GL;CTP_CKV;CTP_CKV;;151280;;2;;;1;;;;;;Te betalen afleveringstaks;;;;;;;;;;;;;;;;;;;;;;;;;;;;;;;;;;;;;;;;;;;;;;;;;;;;;;;;;;;;;;;;;0;;;;
5;20231231;1;0;GEL_2411330;0;0;CTP_CKV;PROGRESS 700GL;CTP_CKV;CTP_CKV;;151280;;2;;;1;;;;;;Te betalen Dmattaks;;;;;;;;;;;;;;;;;;;;;;;;;;;;;;;;;;;;;;;;;;;;;;;;;;;;;;;;;;;;;;;;;0;;;;
5;20231231;1;0;GEL_2411400;0;0;CTP_CKV;PROGRESS 700GL;CTP_CKV;CTP_CKV;;151280;;2;;;1;;;;;;Te betalen WSH;;;;;;;;;;;;;;;;;;;;;;;;;;;;;;;;;;;;;;;;;;;;;;;;;;;;;;;;;;;;;;;;;0;;;;
5;20231231;1;0;GEL_2411500;0;0;CTP_CKV;PROGRESS 700GL;CTP_CKV;CTP_CKV;;151280;;2;;;1;;;;;;Te betalen BTW;;;;;;;;;;;;;;;;;;;;;;;;;;;;;;;;;;;;;;;;;;;;;;;;;;;;;;;;;;;;;;;;;0;;;;
5;20231231;1;0;GEL_2412100;0;0;CTP_CKV;PROGRESS 700GL;CTP_CKV;CTP_CKV;;151272;;2;;;1;;;;;;Te betalen lonen;;;;;;;;;;;;;;;;;;;;;;;;;;;;;;;;;;;;;;;;;;;;;;;;;;;;;;;;;;;;;;;;;0;;;;
5;20231231;1;0;GEL_2412150;0;0;CTP_CKV;PROGRESS 700GL;CTP_CKV;CTP_CKV;;151272;;2;;;1;;;;;;Diverse inhoudingen nettoloon;;;;;;;;;;;;;;;;;;;;;;;;;;;;;;;;;;;;;;;;;;;;;;;;;;;;;;;;;;;;;;;;;0;;;;
5;20231231;1;0;GEL_2412200;0;0;CTP_CKV;PROGRESS 700GL;CTP_CKV;CTP_CKV;;151272;;2;;;1;;;;;;Te betalen sociale bijdragen bestuurders;;;;;;;;;;;;;;;;;;;;;;;;;;;;;;;;;;;;;;;;;;;;;;;;;;;;;;;;;;;;;;;;;0;;;;
5;20231231;1;0;GEL_2412210;0;0;CTP_CKV;PROGRESS 700GL;CTP_CKV;CTP_CKV;;151272;;2;;;1;;;;;;Te betalen RSZ;;;;;;;;;;;;;;;;;;;;;;;;;;;;;;;;;;;;;;;;;;;;;;;;;;;;;;;;;;;;;;;;;0;;;;
5;20231231;1;0;GEL_2412300;0;0;CTP_CKV;PROGRESS 700GL;CTP_CKV;CTP_CKV;;151272;;2;;;1;;;;;;Provisie vakantiegeld;;;;;;;;;;;;;;;;;;;;;;;;;;;;;;;;;;;;;;;;;;;;;;;;;;;;;;;;;;;;;;;;;0;;;;
5;20231231;1;0;GEL_2412400;0;0;CTP_CKV;PROGRESS 700GL;CTP_CKV;CTP_CKV;;151272;;2;;;1;;;;;;Provisie eindejaarspremie;;;;;;;;;;;;;;;;;;;;;;;;;;;;;;;;;;;;;;;;;;;;;;;;;;;;;;;;;;;;;;;;;0;;;;
5;20231231;1;0;GEL_2412500;0;0;CTP_CKV;PROGRESS 700GL;CTP_CKV;CTP_CKV;;151272;;2;;;1;;;;;;Provisie variabele verloning;;;;;;;;;;;;;;;;;;;;;;;;;;;;;;;;;;;;;;;;;;;;;;;;;;;;;;;;;;;;;;;;;0;;;;
5;20231231;1;0;GEL_2412510;0;0;CTP_CKV;PROGRESS 700GL;CTP_CKV;CTP_CKV;;151272;;2;;;1;;;;;;Uitgesteld variabel loon;;;;;;;;;;;;;;;;;;;;;;;;;;;;;;;;;;;;;;;;;;;;;;;;;;;;;;;;;;;;;;;;;0;;;;
5;20231231;1;0;GEL_2421050;0;0;CTP_CKV;PROGRESS 700GL;CTP_CKV;CTP_CKV;;151271;;2;;;1;;;;;;Te betalen lasten/overgedragen kosten;;;;;;;;;;;;;;;;;;;;;;;;;;;;;;;;;;;;;;;;;;;;;;;;;;;;;;;;;;;;;;;;;0;;;;
5;20231231;1;0;GEL_2421060;0;0;CTP_CKV;PROGRESS 700GL;CTP_CKV;CTP_CKV;;151271;;2;;;1;;;;;;Stater te betalen/over te dragen kosten;;;;;;;;;;;;;;;;;;;;;;;;;;;;;;;;;;;;;;;;;;;;;;;;;;;;;;;;;;;;;;;;;0;;;;
5;20231231;1;0;GEL_2421100;0;0;CTP_CKV;PROGRESS 700GL;CTP_CKV;CTP_CKV;;151271;;2;;;1;;;;;;Leveranciers;;;;;;;;;;;;;;;;;;;;;;;;;;;;;;;;;;;;;;;;;;;;;;;;;;;;;;;;;;;;;;;;;0;;;;
5;20231231;1;0;GEL_2421150;0;0;CTP_CKV;PROGRESS 700GL;CTP_CKV;CTP_CKV;;151271;;2;;;1;;;;;;Leveranciers Exact;;;;;;;;;;;;;;;;;;;;;;;;;;;;;;;;;;;;;;;;;;;;;;;;;;;;;;;;;;;;;;;;;0;;;;
5;20231231;1;0;GEL_2421300;0;0;CTP_CKV;PROGRESS 700GL;CTP_CKV;CTP_CKV;;151271;;2;;;1;;;;;;Te salderen kredieten;;;;;;;;;;;;;;;;;;;;;;;;;;;;;;;;;;;;;;;;;;;;;;;;;;;;;;;;;;;;;;;;;0;;;;
5;20231231;1;0;GEL_2421400;0;0;CTP_CKV;PROGRESS 700GL;CTP_CKV;CTP_CKV;;151271;;2;;;1;;;;;;Door te storten premies;;;;;;;;;;;;;;;;;;;;;;;;;;;;;;;;;;;;;;;;;;;;;;;;;;;;;;;;;;;;;;;;;0;;;;
5;20231231;1;0;GEL_2421500;0;0;CTP_CKV;PROGRESS 700GL;CTP_CKV;CTP_CKV;;151271;;2;;;1;;;;;;Andere diverse crediteuren;;;;;;;;;;;;;;;;;;;;;;;;;;;;;;;;;;;;;;;;;;;;;;;;;;;;;;;;;;;;;;;;;0;;;;
5;20231231;1;0;GEL_2421501;0;0;CTP_CKV;PROGRESS 700GL;CTP_CKV;CTP_CKV;;151271;;2;;;1;;;;;;Stater diverse crediteuren;;;;;;;;;;;;;;;;;;;;;;;;;;;;;;;;;;;;;;;;;;;;;;;;;;;;;;;;;;;;;;;;;0;;;;
5;20231231;1;0;GEL_2421510;0;0;CTP_CKV;PROGRESS 700GL;CTP_CKV;CTP_CKV;;151271;;2;;;1;;;;;;Te betalen intresten bouwdeposito;;;;;;;;;;;;;;;;;;;;;;;;;;;;;;;;;;;;;;;;;;;;;;;;;;;;;;;;;;;;;;;;;0;;;;
5;20231231;1;0;GEL_2421520;0;0;CTP_CKV;PROGRESS 700GL;CTP_CKV;CTP_CKV;;151271;;2;;;1;;;;;;R/C BTW eenheid;;;;;;;;;;;;;;;;;;;;;;;;;;;;;;;;;;;;;;;;;;;;;;;;;;;;;;;;;;;;;;;;;0;;;;
5;20231231;1;0;GEL_2421600;0;0;CTP_CKV;PROGRESS 700GL;CTP_CKV;CTP_CKV;;151271;;2;;;1;;;;;;Te storten commissielonen;;;;;;;;;;;;;;;;;;;;;;;;;;;;;;;;;;;;;;;;;;;;;;;;;;;;;;;;;;;;;;;;;0;;;;
5;20231231;1;0;GEL_2421610;0;0;CTP_CKV;PROGRESS 700GL;CTP_CKV;CTP_CKV;;151271;;2;;;1;;;;;;Te betalen commissielonen LOA;;;;;;;;;;;;;;;;;;;;;;;;;;;;;;;;;;;;;;;;;;;;;;;;;;;;;;;;;;;;;;;;;0;;;;
5;20231231;1;0;GEL_2421620;0;0;CTP_CKV;PROGRESS 700GL;CTP_CKV;CTP_CKV;;151271;;2;;;1;;;;;;Te betalen beheersvergoeding LOA;;;;;;;;;;;;;;;;;;;;;;;;;;;;;;;;;;;;;;;;;;;;;;;;;;;;;;;;;;;;;;;;;0;;;;
5;20231231;1;0;GEL_2421630;0;0;CTP_CKV;PROGRESS 700GL;CTP_CKV;CTP_CKV;;151271;;2;;;1;;;;;;Te betalen commissielonen HL / LOT;;;;;;;;;;;;;;;;;;;;;;;;;;;;;;;;;;;;;;;;;;;;;;;;;;;;;;;;;;;;;;;;;0;;;;
5;20231231;1;0;GEL_2421640;0;0;CTP_CKV;PROGRESS 700GL;CTP_CKV;CTP_CKV;;151271;;2;;;1;;;;;;Te betalen commissielonen spaarrekeningen;;;;;;;;;;;;;;;;;;;;;;;;;;;;;;;;;;;;;;;;;;;;;;;;;;;;;;;;;;;;;;;;;0;;;;
5;20231231;1;0;GEL_2421650;0;0;CTP_CKV;PROGRESS 700GL;CTP_CKV;CTP_CKV;;151271;;2;;;1;;;;;;Te betalen commissielonen termijnrekeningen;;;;;;;;;;;;;;;;;;;;;;;;;;;;;;;;;;;;;;;;;;;;;;;;;;;;;;;;;;;;;;;;;0;;;;
5;20231231;1;0;GEL_2421655;0;0;CTP_CKV;PROGRESS 700GL;CTP_CKV;CTP_CKV;;151271;;2;;;1;;;;;;Te betalen commissielonen comfortrekeningen;;;;;;;;;;;;;;;;;;;;;;;;;;;;;;;;;;;;;;;;;;;;;;;;;;;;;;;;;;;;;;;;;0;;;;
5;20231231;1;0;GEL_2421660;0;0;CTP_CKV;PROGRESS 700GL;CTP_CKV;CTP_CKV;;151271;;2;;;1;;;;;;Te betalen commissielonen kasbons;;;;;;;;;;;;;;;;;;;;;;;;;;;;;;;;;;;;;;;;;;;;;;;;;;;;;;;;;;;;;;;;;0;;;;
5;20231231;1;0;GEL_2421670;0;0;CTP_CKV;PROGRESS 700GL;CTP_CKV;CTP_CKV;;151271;;2;;;1;;;;;;Te betalen commissielonen andere;;;;;;;;;;;;;;;;;;;;;;;;;;;;;;;;;;;;;;;;;;;;;;;;;;;;;;;;;;;;;;;;;0;;;;
5;20231231;1;0;GEL_2421700;0;0;CTP_CKV;PROGRESS 700GL;CTP_CKV;CTP_CKV;;151271;;2;;;1;;;;;;Te betalen bedragen op comfortrekeningen;;;;;;;;;;;;;;;;;;;;;;;;;;;;;;;;;;;;;;;;;;;;;;;;;;;;;;;;;;;;;;;;;0;;;;
5;20231231;1;0;GEL_2422000;0;0;CTP_CKV;PROGRESS 700GL;CTP_CKV;CTP_CKV;;151271;;2;;;1;;;;;;Te betalen dividenden;;;;;;;;;;;;;;;;;;;;;;;;;;;;;;;;;;;;;;;;;;;;;;;;;;;;;;;;;;;;;;;;;0;;;;
5;20231231;1;0;GEL_2422100;0;0;CTP_CKV;PROGRESS 700GL;CTP_CKV;CTP_CKV;;151271;;2;;;1;;;;;;Te betalen tantiemes;;;;;;;;;;;;;;;;;;;;;;;;;;;;;;;;;;;;;;;;;;;;;;;;;;;;;;;;;;;;;;;;;0;;;;
5;20231231;1;0;GEL_2422300;0;0;CTP_CKV;PROGRESS 700GL;CTP_CKV;CTP_CKV;;151271;;2;;;1;;;;;;Te betalen vergoeding bestuurders;;;;;;;;;;;;;;;;;;;;;;;;;;;;;;;;;;;;;;;;;;;;;;;;;;;;;;;;;;;;;;;;;0;;;;
5;20231231;1;0;GEL_2422400;0;0;CTP_CKV;PROGRESS 700GL;CTP_CKV;CTP_CKV;;151271;;2;;;1;;;;;;Uit te keren winst andere rechthebbenden;;;;;;;;;;;;;;;;;;;;;;;;;;;;;;;;;;;;;;;;;;;;;;;;;;;;;;;;;;;;;;;;;0;;;;
5;20231231;1;0;GEL_2423100;0;0;CTP_CKV;PROGRESS 700GL;CTP_CKV;CTP_CKV;;151271;;2;;;1;;;;;;Wachtrekening;;;;;;;;;;;;;;;;;;;;;;;;;;;;;;;;;;;;;;;;;;;;;;;;;;;;;;;;;;;;;;;;;0;;;;
5;20231231;1;0;GEL_2423110;0;0;CTP_CKV;PROGRESS 700GL;CTP_CKV;CTP_CKV;;151271;;2;;;1;;;;;;Stater toe te wijzen;;;;;;;;;;;;;;;;;;;;;;;;;;;;;;;;;;;;;;;;;;;;;;;;;;;;;;;;;;;;;;;;;0;;;;
5;20231231;1;0;GEL_2423111;0;0;CTP_CKV;PROGRESS 700GL;CTP_CKV;CTP_CKV;;151271;;2;;;1;;;;;;Exact wachtrekening;;;;;;;;;;;;;;;;;;;;;;;;;;;;;;;;;;;;;;;;;;;;;;;;;;;;;;;;;;;;;;;;;0;;;;
5;20231231;1;0;GEL_2423112;0;0;CTP_CKV;PROGRESS 700GL;CTP_CKV;CTP_CKV;;151271;;2;;;1;;;;;;Stater wachtrekening 2;;;;;;;;;;;;;;;;;;;;;;;;;;;;;;;;;;;;;;;;;;;;;;;;;;;;;;;;;;;;;;;;;0;;;;
5;20231231;1;0;GEL_2423113;0;0;CTP_CKV;PROGRESS 700GL;CTP_CKV;CTP_CKV;;151271;;2;;;1;;;;;;Stater wachtrekening 3;;;;;;;;;;;;;;;;;;;;;;;;;;;;;;;;;;;;;;;;;;;;;;;;;;;;;;;;;;;;;;;;;0;;;;
5;20231231;1;0;GEL_2423114;0;0;CTP_CKV;PROGRESS 700GL;CTP_CKV;CTP_CKV;;151271;;2;;;1;;;;;;Stater wachtrekeing 4;;;;;;;;;;;;;;;;;;;;;;;;;;;;;;;;;;;;;;;;;;;;;;;;;;;;;;;;;;;;;;;;;0;;;;
5;20231231;1;0;GEL_2423115;0;0;CTP_CKV;PROGRESS 700GL;CTP_CKV;CTP_CKV;;151271;;2;;;1;;;;;;Stater wachtrekening 5;;;;;;;;;;;;;;;;;;;;;;;;;;;;;;;;;;;;;;;;;;;;;;;;;;;;;;;;;;;;;;;;;0;;;;
5;20231231;1;0;GEL_2423116;0;0;CTP_CKV;PROGRESS 700GL;CTP_CKV;CTP_CKV;;151271;;2;;;1;;;;;;Stater wachtrekening 6;;;;;;;;;;;;;;;;;;;;;;;;;;;;;;;;;;;;;;;;;;;;;;;;;;;;;;;;;;;;;;;;;0;;;;
5;20231231;1;0;GEL_2423117;0;0;CTP_CKV;PROGRESS 700GL;CTP_CKV;CTP_CKV;;151271;;2;;;1;;;;;;Toe te wijzen CODA Mbanq;;;;;;;;;;;;;;;;;;;;;;;;;;;;;;;;;;;;;;;;;;;;;;;;;;;;;;;;;;;;;;;;;0;;;;
5;20231231;1;0;GEL_2423118;0;0;CTP_CKV;PROGRESS 700GL;CTP_CKV;CTP_CKV;;151271;;2;;;1;;;;;;Toe te wijzen betalingen BBVA dossiers;;;;;;;;;;;;;;;;;;;;;;;;;;;;;;;;;;;;;;;;;;;;;;;;;;;;;;;;;;;;;;;;;0;;;;
5;20231231;1;0;GEL_2423119;0;0;CTP_CKV;PROGRESS 700GL;CTP_CKV;CTP_CKV;;151271;;2;;;1;;;;;;Toe te wijzen domicili‰ringen Recorddossiers;;;;;;;;;;;;;;;;;;;;;;;;;;;;;;;;;;;;;;;;;;;;;;;;;;;;;;;;;;;;;;;;;0;;;;
5;20231231;1;0;GEL_2423120;0;0;CTP_CKV;PROGRESS 700GL;CTP_CKV;CTP_CKV;;151271;;2;;;1;;;;;;Toe te wijzen / terug te storten Zinspilot;;;;;;;;;;;;;;;;;;;;;;;;;;;;;;;;;;;;;;;;;;;;;;;;;;;;;;;;;;;;;;;;;0;;;;
5;20231231;1;0;GEL_2423200;0;0;CTP_CKV;PROGRESS 700GL;CTP_CKV;CTP_CKV;;151271;;2;;;1;;;;;;Wachtrekening KAS;;;;;;;;;;;;;;;;;;;;;;;;;;;;;;;;;;;;;;;;;;;;;;;;;;;;;;;;;;;;;;;;;0;;;;
5;20231231;1;0;GEL_2511000;0;0;CTP_CKV;PROGRESS 700GL;CTP_CKV;CTP_CKV;;170102;;2;;;2;;;;;;Voorziening onzeker verloop (globaal);;;;;;;;;;;;;;;;;;;;;;;;;;;;;;;;;;;;;;;;;;;;;;;;;;;;;;;;;;;;;;;;;0;;;;
5;20231231;1;0;GEL_2531000;0;0;CTP_CKV;PROGRESS 700GL;CTP_CKV;CTP_CKV;;170201;;2;;;1;;;;;;Voorziening voor brugpensioen;;;;;;;;;;;;;;;;;;;;;;;;;;;;;;;;;;;;;;;;;;;;;;;;;;;;;;;;;;;;;;;;;0;;;;
5;20231231;1;0;GEL_2532000;0;0;CTP_CKV;PROGRESS 700GL;CTP_CKV;CTP_CKV;;170206;;2;;;1;;;;;;Voorziening belastingen;;;;;;;;;;;;;;;;;;;;;;;;;;;;;;;;;;;;;;;;;;;;;;;;;;;;;;;;;;;;;;;;;0;;;;
5;20231231;1;0;GEL_2535000;0;0;CTP_CKV;PROGRESS 700GL;CTP_CKV;CTP_CKV;;170107;;2;;;1;;;;;;Overige provisies;;;;;;;;;;;;;;;;;;;;;;;;;;;;;;;;;;;;;;;;;;;;;;;;;;;;;;;;;;;;;;;;;0;;;;
5;20231231;1;0;GEL_2541000;0;0;CTP_CKV;PROGRESS 700GL;CTP_CKV;CTP_CKV;;170401;;2;;;1;;;;;;Voorziening voor algemene bankrisico's;;;;;;;;;;;;;;;;;;;;;;;;;;;;;;;;;;;;;;;;;;;;;;;;;;;;;;;;;;;;;;;1;;0;;;;
5;20231231;1;0;GEL_2542000;0;0;CTP_CKV;PROGRESS 700GL;CTP_CKV;CTP_CKV;;170105;;2;;;1;;;;;;Intern zekerheidsfonds;;;;;;;;;;;;;;;;;;;;;;;;;;;;;;;;;;;;;;;;;;;;;;;;;;;;;;;;;;;;;;;;;0;;;;
5;20231231;1;0;GEL_2611010;0;0;CTP_CKV;PROGRESS 700GL;CTP_CKV;CTP_CKV;;150200;;2;;;1;;;;;;Te betalen intresten;;;;;;;;;;;;;;;;;;;;;;;;;;;;;;;;;;;;;;;;;;;;;;;;;;;;;;;;;;;;;;;;;0;;;;
5;20231231;1;0;GEL_2620000;0;0;CTP_CKV;PROGRESS 700GL;CTP_CKV;CTP_CKV;;151100;;2;;;1;;;;;;Over te dragen opbrengsten;;;;;;;;;;;;;;;;;;;;;;;;;;;;;;;;;;;;;;;;;;;;;;;;;;;;;;;;;;;;;;;;;0;;;;
5;20231231;1;0;GEL_2730000;0;0;CTP_CKV;PROGRESS 700GL;CTP_CKV;CTP_CKV;;160406;;2;;;1;;;;;;Overige achtergestelde leningen;;;;;;;;;;;;;;;;;;;;;;;1;;;;;;;;;;;;;;;;;;;;;;;;;;;;;;;;;;;;;;;;;;0;;;;
5;20231231;1;0;GEL_2811000;0;0;CTP_CKV;PROGRESS 700GL;CTP_CKV;CTP_CKV;;160605;;2;;;1;;;;;;Kapitaal;;;;;;;;;;;;;;;;;;;;;;;;;;;;;;;;;;;;;;;;;;;;;;;;;;;;;;;;;;;;;;;1;;0;;;;
5;20231231;1;0;GEL_2841000;0;0;CTP_CKV;PROGRESS 700GL;CTP_CKV;CTP_CKV;;160100;;2;;;1;;;;;;Wettelijke reserve;;;;;;;;;;;;;;;;;;;;;;;;;;;;;;;;;;;;;;;;;;;;;;;;;;;;;;;;;;;;;;;1;;0;;;;
5;20231231;1;0;GEL_2842000;0;0;CTP_CKV;PROGRESS 700GL;CTP_CKV;CTP_CKV;;160230;;2;;;1;;;;;;Onbeschikbare reserve;;;;;;;;;;;;;;;;;;;;;;;;;;;;;;;;;;;;;;;;;;;;;;;;;;;;;;;;;;;;;;;1;;0;;;;
5;20231231;1;0;GEL_2843000;0;0;CTP_CKV;PROGRESS 700GL;CTP_CKV;CTP_CKV;;160250;;2;;;1;;;;;;Belastingvrije reserve Taxshelter;;;;;;;;;;;;;;;;;;;;;;;;;;;;;;;;;;;;;;;;;;;;;;;;;;;;;;;;;;;;;;;1;;0;;;;
5;20231231;1;0;GEL_2843100;0;0;CTP_CKV;PROGRESS 700GL;CTP_CKV;CTP_CKV;;160250;;2;;;1;;;;;;Belastingvrije reserve fiscaal voordeel wagens;;;;;;;;;;;;;;;;;;;;;;;;;;;;;;;;;;;;;;;;;;;;;;;;;;;;;;;;;;;;;;;1;;0;;;;
5;20231231;1;0;GEL_2844000;0;0;CTP_CKV;PROGRESS 700GL;CTP_CKV;CTP_CKV;;160399;;2;;;1;;;;;;Beschikbare reserve - speciale reserve;;;;;;;;;;;;;;;;;;;;;;;;;;;;;;;;;;;;;;;;;;;;;;;;;;;;;;;;;;;;;;;1;;0;;;;
5;20231231;1;0;GEL_2844001;0;0;CTP_CKV;PROGRESS 700GL;CTP_CKV;CTP_CKV;;160399;;2;;;1;;;;;;Beschikbare reserve - vrijgestelde meerwaarden;;;;;;;;;;;;;;;;;;;;;;;;;;;;;;;;;;;;;;;;;;;;;;;;;;;;;;;;;;;;;;;1;;0;;;;
5;20231231;1;0;GEL_2850000;0;0;CTP_CKV;PROGRESS 700GL;CTP_CKV;CTP_CKV;;160705;;2;;;1;;;;;;Overgedragen winst;;;;;;;;;;;;;;;;;;;;;;;;;;;;;;;;;;;;;;;;;;;;;;;;;;;;;;;;;;;;;;;1;;0;;;;
5;20231231;1;0;GEL_2850001;0;0;CTP_CKV;PROGRESS 700GL;CTP_CKV;CTP_CKV;;160705;;2;;;1;;;;;;Overgedragen verlies;;;;;;;;;;;;;;;;;;;;;;;;;;;;;;;;;;;;;;;;;;;;;;;;;;;;;;;;;;;;;;;1;;0;;;;
5;20231231;1;0;GEL_2860000;0;0;CTP_CKV;PROGRESS 700GL;CTP_CKV;CTP_CKV;;160704;;2;;;1;;;;;;Resultaat van het boekjaar;;;;;;;;;;;;;;;;;;;;;;;;;;;;;;;;;;;;;;;;;;;;;;;;;;;;;;;;;;;;;;;1;;0;;;;
